45820000,summit_demo/oskar/models/EOR+Foreground/sky_eor_model_f045.82.osm
45870000,summit_demo/oskar/models/EOR+Foreground/sky_eor_model_f045.87.osm
45930000,summit_demo/oskar/models/EOR+Foreground/sky_eor_model_f045.93.osm
45980000,summit_demo/oskar/models/EOR+Foreground/sky_eor_model_f045.98.osm
46040000,summit_demo/oskar/models/EOR+Foreground/sky_eor_model_f046.04.osm
46090000,summit_demo/oskar/models/EOR+Foreground/sky_eor_model_f046.09.osm
46150000,summit_demo/oskar/models/EOR+Foreground/sky_eor_model_f046.15.osm
46210000,summit_demo/oskar/models/EOR+Foreground/sky_eor_model_f046.21.osm
46260000,summit_demo/oskar/models/EOR+Foreground/sky_eor_model_f046.26.osm
46320000,summit_demo/oskar/models/EOR+Foreground/sky_eor_model_f046.32.osm
46380000,summit_demo/oskar/models/EOR+Foreground/sky_eor_model_f046.38.osm
46430000,summit_demo/oskar/models/EOR+Foreground/sky_eor_model_f046.43.osm
46490000,summit_demo/oskar/models/EOR+Foreground/sky_eor_model_f046.49.osm
46550000,summit_demo/oskar/models/EOR+Foreground/sky_eor_model_f046.55.osm
46600000,summit_demo/oskar/models/EOR+Foreground/sky_eor_model_f046.60.osm
46660000,summit_demo/oskar/models/EOR+Foreground/sky_eor_model_f046.66.osm
46720000,summit_demo/oskar/models/EOR+Foreground/sky_eor_model_f046.72.osm
46780000,summit_demo/oskar/models/EOR+Foreground/sky_eor_model_f046.78.osm
46840000,summit_demo/oskar/models/EOR+Foreground/sky_eor_model_f046.84.osm
46890000,summit_demo/oskar/models/EOR+Foreground/sky_eor_model_f046.89.osm
46950000,summit_demo/oskar/models/EOR+Foreground/sky_eor_model_f046.95.osm
47010000,summit_demo/oskar/models/EOR+Foreground/sky_eor_model_f047.01.osm
47070000,summit_demo/oskar/models/EOR+Foreground/sky_eor_model_f047.07.osm
47130000,summit_demo/oskar/models/EOR+Foreground/sky_eor_model_f047.13.osm
47190000,summit_demo/oskar/models/EOR+Foreground/sky_eor_model_f047.19.osm
47240000,summit_demo/oskar/models/EOR+Foreground/sky_eor_model_f047.24.osm
47300000,summit_demo/oskar/models/EOR+Foreground/sky_eor_model_f047.30.osm
47360000,summit_demo/oskar/models/EOR+Foreground/sky_eor_model_f047.36.osm
47420000,summit_demo/oskar/models/EOR+Foreground/sky_eor_model_f047.42.osm
47480000,summit_demo/oskar/models/EOR+Foreground/sky_eor_model_f047.48.osm
47540000,summit_demo/oskar/models/EOR+Foreground/sky_eor_model_f047.54.osm
47600000,summit_demo/oskar/models/EOR+Foreground/sky_eor_model_f047.60.osm
47660000,summit_demo/oskar/models/EOR+Foreground/sky_eor_model_f047.66.osm
47720000,summit_demo/oskar/models/EOR+Foreground/sky_eor_model_f047.72.osm
47770000,summit_demo/oskar/models/EOR+Foreground/sky_eor_model_f047.77.osm
47830000,summit_demo/oskar/models/EOR+Foreground/sky_eor_model_f047.83.osm
47890000,summit_demo/oskar/models/EOR+Foreground/sky_eor_model_f047.89.osm
47950000,summit_demo/oskar/models/EOR+Foreground/sky_eor_model_f047.95.osm
48010000,summit_demo/oskar/models/EOR+Foreground/sky_eor_model_f048.01.osm
48070000,summit_demo/oskar/models/EOR+Foreground/sky_eor_model_f048.07.osm
48130000,summit_demo/oskar/models/EOR+Foreground/sky_eor_model_f048.13.osm
48190000,summit_demo/oskar/models/EOR+Foreground/sky_eor_model_f048.19.osm
48250000,summit_demo/oskar/models/EOR+Foreground/sky_eor_model_f048.25.osm
48300000,summit_demo/oskar/models/EOR+Foreground/sky_eor_model_f048.30.osm
48360000,summit_demo/oskar/models/EOR+Foreground/sky_eor_model_f048.36.osm
48420000,summit_demo/oskar/models/EOR+Foreground/sky_eor_model_f048.42.osm
48480000,summit_demo/oskar/models/EOR+Foreground/sky_eor_model_f048.48.osm
48540000,summit_demo/oskar/models/EOR+Foreground/sky_eor_model_f048.54.osm
48600000,summit_demo/oskar/models/EOR+Foreground/sky_eor_model_f048.60.osm
48660000,summit_demo/oskar/models/EOR+Foreground/sky_eor_model_f048.66.osm
48730000,summit_demo/oskar/models/EOR+Foreground/sky_eor_model_f048.73.osm
48790000,summit_demo/oskar/models/EOR+Foreground/sky_eor_model_f048.79.osm
48850000,summit_demo/oskar/models/EOR+Foreground/sky_eor_model_f048.85.osm
48910000,summit_demo/oskar/models/EOR+Foreground/sky_eor_model_f048.91.osm
48970000,summit_demo/oskar/models/EOR+Foreground/sky_eor_model_f048.97.osm
49030000,summit_demo/oskar/models/EOR+Foreground/sky_eor_model_f049.03.osm
49090000,summit_demo/oskar/models/EOR+Foreground/sky_eor_model_f049.09.osm
49150000,summit_demo/oskar/models/EOR+Foreground/sky_eor_model_f049.15.osm
49210000,summit_demo/oskar/models/EOR+Foreground/sky_eor_model_f049.21.osm
49280000,summit_demo/oskar/models/EOR+Foreground/sky_eor_model_f049.28.osm
49340000,summit_demo/oskar/models/EOR+Foreground/sky_eor_model_f049.34.osm
49400000,summit_demo/oskar/models/EOR+Foreground/sky_eor_model_f049.40.osm
49460000,summit_demo/oskar/models/EOR+Foreground/sky_eor_model_f049.46.osm
49530000,summit_demo/oskar/models/EOR+Foreground/sky_eor_model_f049.53.osm
49590000,summit_demo/oskar/models/EOR+Foreground/sky_eor_model_f049.59.osm
49650000,summit_demo/oskar/models/EOR+Foreground/sky_eor_model_f049.65.osm
49710000,summit_demo/oskar/models/EOR+Foreground/sky_eor_model_f049.71.osm
49770000,summit_demo/oskar/models/EOR+Foreground/sky_eor_model_f049.77.osm
49830000,summit_demo/oskar/models/EOR+Foreground/sky_eor_model_f049.83.osm
49890000,summit_demo/oskar/models/EOR+Foreground/sky_eor_model_f049.89.osm
49950000,summit_demo/oskar/models/EOR+Foreground/sky_eor_model_f049.95.osm
50010000,summit_demo/oskar/models/EOR+Foreground/sky_eor_model_f050.01.osm
50080000,summit_demo/oskar/models/EOR+Foreground/sky_eor_model_f050.08.osm
50140000,summit_demo/oskar/models/EOR+Foreground/sky_eor_model_f050.14.osm
50200000,summit_demo/oskar/models/EOR+Foreground/sky_eor_model_f050.20.osm
50260000,summit_demo/oskar/models/EOR+Foreground/sky_eor_model_f050.26.osm
50320000,summit_demo/oskar/models/EOR+Foreground/sky_eor_model_f050.32.osm
50390000,summit_demo/oskar/models/EOR+Foreground/sky_eor_model_f050.39.osm
50450000,summit_demo/oskar/models/EOR+Foreground/sky_eor_model_f050.45.osm
50510000,summit_demo/oskar/models/EOR+Foreground/sky_eor_model_f050.51.osm
50570000,summit_demo/oskar/models/EOR+Foreground/sky_eor_model_f050.57.osm
50640000,summit_demo/oskar/models/EOR+Foreground/sky_eor_model_f050.64.osm
50700000,summit_demo/oskar/models/EOR+Foreground/sky_eor_model_f050.70.osm
50760000,summit_demo/oskar/models/EOR+Foreground/sky_eor_model_f050.76.osm
50820000,summit_demo/oskar/models/EOR+Foreground/sky_eor_model_f050.82.osm
50890000,summit_demo/oskar/models/EOR+Foreground/sky_eor_model_f050.89.osm
50950000,summit_demo/oskar/models/EOR+Foreground/sky_eor_model_f050.95.osm
51010000,summit_demo/oskar/models/EOR+Foreground/sky_eor_model_f051.01.osm
51070000,summit_demo/oskar/models/EOR+Foreground/sky_eor_model_f051.07.osm
51140000,summit_demo/oskar/models/EOR+Foreground/sky_eor_model_f051.14.osm
51200000,summit_demo/oskar/models/EOR+Foreground/sky_eor_model_f051.20.osm
51260000,summit_demo/oskar/models/EOR+Foreground/sky_eor_model_f051.26.osm
51330000,summit_demo/oskar/models/EOR+Foreground/sky_eor_model_f051.33.osm
51390000,summit_demo/oskar/models/EOR+Foreground/sky_eor_model_f051.39.osm
51460000,summit_demo/oskar/models/EOR+Foreground/sky_eor_model_f051.46.osm
51520000,summit_demo/oskar/models/EOR+Foreground/sky_eor_model_f051.52.osm
51580000,summit_demo/oskar/models/EOR+Foreground/sky_eor_model_f051.58.osm
51650000,summit_demo/oskar/models/EOR+Foreground/sky_eor_model_f051.65.osm
51710000,summit_demo/oskar/models/EOR+Foreground/sky_eor_model_f051.71.osm
51770000,summit_demo/oskar/models/EOR+Foreground/sky_eor_model_f051.77.osm
51840000,summit_demo/oskar/models/EOR+Foreground/sky_eor_model_f051.84.osm
51900000,summit_demo/oskar/models/EOR+Foreground/sky_eor_model_f051.90.osm
51970000,summit_demo/oskar/models/EOR+Foreground/sky_eor_model_f051.97.osm
52030000,summit_demo/oskar/models/EOR+Foreground/sky_eor_model_f052.03.osm
52090000,summit_demo/oskar/models/EOR+Foreground/sky_eor_model_f052.09.osm
52160000,summit_demo/oskar/models/EOR+Foreground/sky_eor_model_f052.16.osm
52220000,summit_demo/oskar/models/EOR+Foreground/sky_eor_model_f052.22.osm
52290000,summit_demo/oskar/models/EOR+Foreground/sky_eor_model_f052.29.osm
52350000,summit_demo/oskar/models/EOR+Foreground/sky_eor_model_f052.35.osm
52420000,summit_demo/oskar/models/EOR+Foreground/sky_eor_model_f052.42.osm
52480000,summit_demo/oskar/models/EOR+Foreground/sky_eor_model_f052.48.osm
52550000,summit_demo/oskar/models/EOR+Foreground/sky_eor_model_f052.55.osm
52610000,summit_demo/oskar/models/EOR+Foreground/sky_eor_model_f052.61.osm
52680000,summit_demo/oskar/models/EOR+Foreground/sky_eor_model_f052.68.osm
52740000,summit_demo/oskar/models/EOR+Foreground/sky_eor_model_f052.74.osm
52810000,summit_demo/oskar/models/EOR+Foreground/sky_eor_model_f052.81.osm
52870000,summit_demo/oskar/models/EOR+Foreground/sky_eor_model_f052.87.osm
52940000,summit_demo/oskar/models/EOR+Foreground/sky_eor_model_f052.94.osm
53000000,summit_demo/oskar/models/EOR+Foreground/sky_eor_model_f053.00.osm
53070000,summit_demo/oskar/models/EOR+Foreground/sky_eor_model_f053.07.osm
53140000,summit_demo/oskar/models/EOR+Foreground/sky_eor_model_f053.14.osm
53200000,summit_demo/oskar/models/EOR+Foreground/sky_eor_model_f053.20.osm
53270000,summit_demo/oskar/models/EOR+Foreground/sky_eor_model_f053.27.osm
53330000,summit_demo/oskar/models/EOR+Foreground/sky_eor_model_f053.33.osm
53400000,summit_demo/oskar/models/EOR+Foreground/sky_eor_model_f053.40.osm
53470000,summit_demo/oskar/models/EOR+Foreground/sky_eor_model_f053.47.osm
53530000,summit_demo/oskar/models/EOR+Foreground/sky_eor_model_f053.53.osm
53600000,summit_demo/oskar/models/EOR+Foreground/sky_eor_model_f053.60.osm
53670000,summit_demo/oskar/models/EOR+Foreground/sky_eor_model_f053.67.osm
53730000,summit_demo/oskar/models/EOR+Foreground/sky_eor_model_f053.73.osm
53800000,summit_demo/oskar/models/EOR+Foreground/sky_eor_model_f053.80.osm
53860000,summit_demo/oskar/models/EOR+Foreground/sky_eor_model_f053.86.osm
53930000,summit_demo/oskar/models/EOR+Foreground/sky_eor_model_f053.93.osm
54000000,summit_demo/oskar/models/EOR+Foreground/sky_eor_model_f054.00.osm
54060000,summit_demo/oskar/models/EOR+Foreground/sky_eor_model_f054.06.osm
54130000,summit_demo/oskar/models/EOR+Foreground/sky_eor_model_f054.13.osm
54200000,summit_demo/oskar/models/EOR+Foreground/sky_eor_model_f054.20.osm
54270000,summit_demo/oskar/models/EOR+Foreground/sky_eor_model_f054.27.osm
54330000,summit_demo/oskar/models/EOR+Foreground/sky_eor_model_f054.33.osm
54400000,summit_demo/oskar/models/EOR+Foreground/sky_eor_model_f054.40.osm
54470000,summit_demo/oskar/models/EOR+Foreground/sky_eor_model_f054.47.osm
54540000,summit_demo/oskar/models/EOR+Foreground/sky_eor_model_f054.54.osm
54600000,summit_demo/oskar/models/EOR+Foreground/sky_eor_model_f054.60.osm
54670000,summit_demo/oskar/models/EOR+Foreground/sky_eor_model_f054.67.osm
54740000,summit_demo/oskar/models/EOR+Foreground/sky_eor_model_f054.74.osm
54810000,summit_demo/oskar/models/EOR+Foreground/sky_eor_model_f054.81.osm
54870000,summit_demo/oskar/models/EOR+Foreground/sky_eor_model_f054.87.osm
54940000,summit_demo/oskar/models/EOR+Foreground/sky_eor_model_f054.94.osm
55010000,summit_demo/oskar/models/EOR+Foreground/sky_eor_model_f055.01.osm
55080000,summit_demo/oskar/models/EOR+Foreground/sky_eor_model_f055.08.osm
55150000,summit_demo/oskar/models/EOR+Foreground/sky_eor_model_f055.15.osm
55210000,summit_demo/oskar/models/EOR+Foreground/sky_eor_model_f055.21.osm
55280000,summit_demo/oskar/models/EOR+Foreground/sky_eor_model_f055.28.osm
55350000,summit_demo/oskar/models/EOR+Foreground/sky_eor_model_f055.35.osm
55420000,summit_demo/oskar/models/EOR+Foreground/sky_eor_model_f055.42.osm
55490000,summit_demo/oskar/models/EOR+Foreground/sky_eor_model_f055.49.osm
55560000,summit_demo/oskar/models/EOR+Foreground/sky_eor_model_f055.56.osm
55630000,summit_demo/oskar/models/EOR+Foreground/sky_eor_model_f055.63.osm
55700000,summit_demo/oskar/models/EOR+Foreground/sky_eor_model_f055.70.osm
55770000,summit_demo/oskar/models/EOR+Foreground/sky_eor_model_f055.77.osm
55840000,summit_demo/oskar/models/EOR+Foreground/sky_eor_model_f055.84.osm
55900000,summit_demo/oskar/models/EOR+Foreground/sky_eor_model_f055.90.osm
55970000,summit_demo/oskar/models/EOR+Foreground/sky_eor_model_f055.97.osm
56040000,summit_demo/oskar/models/EOR+Foreground/sky_eor_model_f056.04.osm
56110000,summit_demo/oskar/models/EOR+Foreground/sky_eor_model_f056.11.osm
56180000,summit_demo/oskar/models/EOR+Foreground/sky_eor_model_f056.18.osm
56250000,summit_demo/oskar/models/EOR+Foreground/sky_eor_model_f056.25.osm
56320000,summit_demo/oskar/models/EOR+Foreground/sky_eor_model_f056.32.osm
56390000,summit_demo/oskar/models/EOR+Foreground/sky_eor_model_f056.39.osm
56460000,summit_demo/oskar/models/EOR+Foreground/sky_eor_model_f056.46.osm
56530000,summit_demo/oskar/models/EOR+Foreground/sky_eor_model_f056.53.osm
56600000,summit_demo/oskar/models/EOR+Foreground/sky_eor_model_f056.60.osm
56670000,summit_demo/oskar/models/EOR+Foreground/sky_eor_model_f056.67.osm
56740000,summit_demo/oskar/models/EOR+Foreground/sky_eor_model_f056.74.osm
56810000,summit_demo/oskar/models/EOR+Foreground/sky_eor_model_f056.81.osm
56880000,summit_demo/oskar/models/EOR+Foreground/sky_eor_model_f056.88.osm
56950000,summit_demo/oskar/models/EOR+Foreground/sky_eor_model_f056.95.osm
57020000,summit_demo/oskar/models/EOR+Foreground/sky_eor_model_f057.02.osm
57090000,summit_demo/oskar/models/EOR+Foreground/sky_eor_model_f057.09.osm
57160000,summit_demo/oskar/models/EOR+Foreground/sky_eor_model_f057.16.osm
57240000,summit_demo/oskar/models/EOR+Foreground/sky_eor_model_f057.24.osm
57310000,summit_demo/oskar/models/EOR+Foreground/sky_eor_model_f057.31.osm
57380000,summit_demo/oskar/models/EOR+Foreground/sky_eor_model_f057.38.osm
57450000,summit_demo/oskar/models/EOR+Foreground/sky_eor_model_f057.45.osm
57520000,summit_demo/oskar/models/EOR+Foreground/sky_eor_model_f057.52.osm
57590000,summit_demo/oskar/models/EOR+Foreground/sky_eor_model_f057.59.osm
57660000,summit_demo/oskar/models/EOR+Foreground/sky_eor_model_f057.66.osm
57730000,summit_demo/oskar/models/EOR+Foreground/sky_eor_model_f057.73.osm
57810000,summit_demo/oskar/models/EOR+Foreground/sky_eor_model_f057.81.osm
57880000,summit_demo/oskar/models/EOR+Foreground/sky_eor_model_f057.88.osm
57950000,summit_demo/oskar/models/EOR+Foreground/sky_eor_model_f057.95.osm
58020000,summit_demo/oskar/models/EOR+Foreground/sky_eor_model_f058.02.osm
58090000,summit_demo/oskar/models/EOR+Foreground/sky_eor_model_f058.09.osm
58170000,summit_demo/oskar/models/EOR+Foreground/sky_eor_model_f058.17.osm
58240000,summit_demo/oskar/models/EOR+Foreground/sky_eor_model_f058.24.osm
58310000,summit_demo/oskar/models/EOR+Foreground/sky_eor_model_f058.31.osm
58380000,summit_demo/oskar/models/EOR+Foreground/sky_eor_model_f058.38.osm
58450000,summit_demo/oskar/models/EOR+Foreground/sky_eor_model_f058.45.osm
58520000,summit_demo/oskar/models/EOR+Foreground/sky_eor_model_f058.52.osm
58600000,summit_demo/oskar/models/EOR+Foreground/sky_eor_model_f058.60.osm
58670000,summit_demo/oskar/models/EOR+Foreground/sky_eor_model_f058.67.osm
58740000,summit_demo/oskar/models/EOR+Foreground/sky_eor_model_f058.74.osm
58820000,summit_demo/oskar/models/EOR+Foreground/sky_eor_model_f058.82.osm
58890000,summit_demo/oskar/models/EOR+Foreground/sky_eor_model_f058.89.osm
58960000,summit_demo/oskar/models/EOR+Foreground/sky_eor_model_f058.96.osm
59040000,summit_demo/oskar/models/EOR+Foreground/sky_eor_model_f059.04.osm
59110000,summit_demo/oskar/models/EOR+Foreground/sky_eor_model_f059.11.osm
59180000,summit_demo/oskar/models/EOR+Foreground/sky_eor_model_f059.18.osm
59260000,summit_demo/oskar/models/EOR+Foreground/sky_eor_model_f059.26.osm
59330000,summit_demo/oskar/models/EOR+Foreground/sky_eor_model_f059.33.osm
59400000,summit_demo/oskar/models/EOR+Foreground/sky_eor_model_f059.40.osm
59470000,summit_demo/oskar/models/EOR+Foreground/sky_eor_model_f059.47.osm
59550000,summit_demo/oskar/models/EOR+Foreground/sky_eor_model_f059.55.osm
59620000,summit_demo/oskar/models/EOR+Foreground/sky_eor_model_f059.62.osm
59690000,summit_demo/oskar/models/EOR+Foreground/sky_eor_model_f059.69.osm
59770000,summit_demo/oskar/models/EOR+Foreground/sky_eor_model_f059.77.osm
59840000,summit_demo/oskar/models/EOR+Foreground/sky_eor_model_f059.84.osm
59920000,summit_demo/oskar/models/EOR+Foreground/sky_eor_model_f059.92.osm
59990000,summit_demo/oskar/models/EOR+Foreground/sky_eor_model_f059.99.osm
60070000,summit_demo/oskar/models/EOR+Foreground/sky_eor_model_f060.07.osm
60140000,summit_demo/oskar/models/EOR+Foreground/sky_eor_model_f060.14.osm
60220000,summit_demo/oskar/models/EOR+Foreground/sky_eor_model_f060.22.osm
60290000,summit_demo/oskar/models/EOR+Foreground/sky_eor_model_f060.29.osm
60370000,summit_demo/oskar/models/EOR+Foreground/sky_eor_model_f060.37.osm
60440000,summit_demo/oskar/models/EOR+Foreground/sky_eor_model_f060.44.osm
60510000,summit_demo/oskar/models/EOR+Foreground/sky_eor_model_f060.51.osm
60590000,summit_demo/oskar/models/EOR+Foreground/sky_eor_model_f060.59.osm
60660000,summit_demo/oskar/models/EOR+Foreground/sky_eor_model_f060.66.osm
60740000,summit_demo/oskar/models/EOR+Foreground/sky_eor_model_f060.74.osm
60810000,summit_demo/oskar/models/EOR+Foreground/sky_eor_model_f060.81.osm
60890000,summit_demo/oskar/models/EOR+Foreground/sky_eor_model_f060.89.osm
60960000,summit_demo/oskar/models/EOR+Foreground/sky_eor_model_f060.96.osm
61040000,summit_demo/oskar/models/EOR+Foreground/sky_eor_model_f061.04.osm
61110000,summit_demo/oskar/models/EOR+Foreground/sky_eor_model_f061.11.osm
61190000,summit_demo/oskar/models/EOR+Foreground/sky_eor_model_f061.19.osm
61260000,summit_demo/oskar/models/EOR+Foreground/sky_eor_model_f061.26.osm
61340000,summit_demo/oskar/models/EOR+Foreground/sky_eor_model_f061.34.osm
61420000,summit_demo/oskar/models/EOR+Foreground/sky_eor_model_f061.42.osm
61490000,summit_demo/oskar/models/EOR+Foreground/sky_eor_model_f061.49.osm
61570000,summit_demo/oskar/models/EOR+Foreground/sky_eor_model_f061.57.osm
61640000,summit_demo/oskar/models/EOR+Foreground/sky_eor_model_f061.64.osm
61720000,summit_demo/oskar/models/EOR+Foreground/sky_eor_model_f061.72.osm
61800000,summit_demo/oskar/models/EOR+Foreground/sky_eor_model_f061.80.osm
61870000,summit_demo/oskar/models/EOR+Foreground/sky_eor_model_f061.87.osm
61950000,summit_demo/oskar/models/EOR+Foreground/sky_eor_model_f061.95.osm
62020000,summit_demo/oskar/models/EOR+Foreground/sky_eor_model_f062.02.osm
62100000,summit_demo/oskar/models/EOR+Foreground/sky_eor_model_f062.10.osm
62180000,summit_demo/oskar/models/EOR+Foreground/sky_eor_model_f062.18.osm
62250000,summit_demo/oskar/models/EOR+Foreground/sky_eor_model_f062.25.osm
62330000,summit_demo/oskar/models/EOR+Foreground/sky_eor_model_f062.33.osm
62410000,summit_demo/oskar/models/EOR+Foreground/sky_eor_model_f062.41.osm
62480000,summit_demo/oskar/models/EOR+Foreground/sky_eor_model_f062.48.osm
62560000,summit_demo/oskar/models/EOR+Foreground/sky_eor_model_f062.56.osm
62640000,summit_demo/oskar/models/EOR+Foreground/sky_eor_model_f062.64.osm
62720000,summit_demo/oskar/models/EOR+Foreground/sky_eor_model_f062.72.osm
62790000,summit_demo/oskar/models/EOR+Foreground/sky_eor_model_f062.79.osm
62870000,summit_demo/oskar/models/EOR+Foreground/sky_eor_model_f062.87.osm
62950000,summit_demo/oskar/models/EOR+Foreground/sky_eor_model_f062.95.osm
63030000,summit_demo/oskar/models/EOR+Foreground/sky_eor_model_f063.03.osm
63110000,summit_demo/oskar/models/EOR+Foreground/sky_eor_model_f063.11.osm
63190000,summit_demo/oskar/models/EOR+Foreground/sky_eor_model_f063.19.osm
63270000,summit_demo/oskar/models/EOR+Foreground/sky_eor_model_f063.27.osm
63350000,summit_demo/oskar/models/EOR+Foreground/sky_eor_model_f063.35.osm
63420000,summit_demo/oskar/models/EOR+Foreground/sky_eor_model_f063.42.osm
63500000,summit_demo/oskar/models/EOR+Foreground/sky_eor_model_f063.50.osm
63580000,summit_demo/oskar/models/EOR+Foreground/sky_eor_model_f063.58.osm
63660000,summit_demo/oskar/models/EOR+Foreground/sky_eor_model_f063.66.osm
63750000,summit_demo/oskar/models/EOR+Foreground/sky_eor_model_f063.75.osm
63830000,summit_demo/oskar/models/EOR+Foreground/sky_eor_model_f063.83.osm
63910000,summit_demo/oskar/models/EOR+Foreground/sky_eor_model_f063.91.osm
63990000,summit_demo/oskar/models/EOR+Foreground/sky_eor_model_f063.99.osm
64070000,summit_demo/oskar/models/EOR+Foreground/sky_eor_model_f064.07.osm
64150000,summit_demo/oskar/models/EOR+Foreground/sky_eor_model_f064.15.osm
64220000,summit_demo/oskar/models/EOR+Foreground/sky_eor_model_f064.22.osm
64300000,summit_demo/oskar/models/EOR+Foreground/sky_eor_model_f064.30.osm
64380000,summit_demo/oskar/models/EOR+Foreground/sky_eor_model_f064.38.osm
64460000,summit_demo/oskar/models/EOR+Foreground/sky_eor_model_f064.46.osm
64540000,summit_demo/oskar/models/EOR+Foreground/sky_eor_model_f064.54.osm
64620000,summit_demo/oskar/models/EOR+Foreground/sky_eor_model_f064.62.osm
64700000,summit_demo/oskar/models/EOR+Foreground/sky_eor_model_f064.70.osm
64780000,summit_demo/oskar/models/EOR+Foreground/sky_eor_model_f064.78.osm
64850000,summit_demo/oskar/models/EOR+Foreground/sky_eor_model_f064.85.osm
64930000,summit_demo/oskar/models/EOR+Foreground/sky_eor_model_f064.93.osm
65010000,summit_demo/oskar/models/EOR+Foreground/sky_eor_model_f065.01.osm
65090000,summit_demo/oskar/models/EOR+Foreground/sky_eor_model_f065.09.osm
65170000,summit_demo/oskar/models/EOR+Foreground/sky_eor_model_f065.17.osm
65260000,summit_demo/oskar/models/EOR+Foreground/sky_eor_model_f065.26.osm
65340000,summit_demo/oskar/models/EOR+Foreground/sky_eor_model_f065.34.osm
65420000,summit_demo/oskar/models/EOR+Foreground/sky_eor_model_f065.42.osm
65500000,summit_demo/oskar/models/EOR+Foreground/sky_eor_model_f065.50.osm
65580000,summit_demo/oskar/models/EOR+Foreground/sky_eor_model_f065.58.osm
65660000,summit_demo/oskar/models/EOR+Foreground/sky_eor_model_f065.66.osm
65740000,summit_demo/oskar/models/EOR+Foreground/sky_eor_model_f065.74.osm
65820000,summit_demo/oskar/models/EOR+Foreground/sky_eor_model_f065.82.osm
65910000,summit_demo/oskar/models/EOR+Foreground/sky_eor_model_f065.91.osm
65990000,summit_demo/oskar/models/EOR+Foreground/sky_eor_model_f065.99.osm
66070000,summit_demo/oskar/models/EOR+Foreground/sky_eor_model_f066.07.osm
66150000,summit_demo/oskar/models/EOR+Foreground/sky_eor_model_f066.15.osm
66240000,summit_demo/oskar/models/EOR+Foreground/sky_eor_model_f066.24.osm
66320000,summit_demo/oskar/models/EOR+Foreground/sky_eor_model_f066.32.osm
66400000,summit_demo/oskar/models/EOR+Foreground/sky_eor_model_f066.40.osm
66490000,summit_demo/oskar/models/EOR+Foreground/sky_eor_model_f066.49.osm
66570000,summit_demo/oskar/models/EOR+Foreground/sky_eor_model_f066.57.osm
66650000,summit_demo/oskar/models/EOR+Foreground/sky_eor_model_f066.65.osm
66740000,summit_demo/oskar/models/EOR+Foreground/sky_eor_model_f066.74.osm
66820000,summit_demo/oskar/models/EOR+Foreground/sky_eor_model_f066.82.osm
66900000,summit_demo/oskar/models/EOR+Foreground/sky_eor_model_f066.90.osm
66980000,summit_demo/oskar/models/EOR+Foreground/sky_eor_model_f066.98.osm
67070000,summit_demo/oskar/models/EOR+Foreground/sky_eor_model_f067.07.osm
67150000,summit_demo/oskar/models/EOR+Foreground/sky_eor_model_f067.15.osm
67230000,summit_demo/oskar/models/EOR+Foreground/sky_eor_model_f067.23.osm
67320000,summit_demo/oskar/models/EOR+Foreground/sky_eor_model_f067.32.osm
67400000,summit_demo/oskar/models/EOR+Foreground/sky_eor_model_f067.40.osm
67490000,summit_demo/oskar/models/EOR+Foreground/sky_eor_model_f067.49.osm
67570000,summit_demo/oskar/models/EOR+Foreground/sky_eor_model_f067.57.osm
67650000,summit_demo/oskar/models/EOR+Foreground/sky_eor_model_f067.65.osm
67740000,summit_demo/oskar/models/EOR+Foreground/sky_eor_model_f067.74.osm
67820000,summit_demo/oskar/models/EOR+Foreground/sky_eor_model_f067.82.osm
67910000,summit_demo/oskar/models/EOR+Foreground/sky_eor_model_f067.91.osm
67990000,summit_demo/oskar/models/EOR+Foreground/sky_eor_model_f067.99.osm
68080000,summit_demo/oskar/models/EOR+Foreground/sky_eor_model_f068.08.osm
68160000,summit_demo/oskar/models/EOR+Foreground/sky_eor_model_f068.16.osm
68250000,summit_demo/oskar/models/EOR+Foreground/sky_eor_model_f068.25.osm
68330000,summit_demo/oskar/models/EOR+Foreground/sky_eor_model_f068.33.osm
68410000,summit_demo/oskar/models/EOR+Foreground/sky_eor_model_f068.41.osm
68500000,summit_demo/oskar/models/EOR+Foreground/sky_eor_model_f068.50.osm
68580000,summit_demo/oskar/models/EOR+Foreground/sky_eor_model_f068.58.osm
68670000,summit_demo/oskar/models/EOR+Foreground/sky_eor_model_f068.67.osm
68750000,summit_demo/oskar/models/EOR+Foreground/sky_eor_model_f068.75.osm
68840000,summit_demo/oskar/models/EOR+Foreground/sky_eor_model_f068.84.osm
68920000,summit_demo/oskar/models/EOR+Foreground/sky_eor_model_f068.92.osm
69010000,summit_demo/oskar/models/EOR+Foreground/sky_eor_model_f069.01.osm
69100000,summit_demo/oskar/models/EOR+Foreground/sky_eor_model_f069.10.osm
69180000,summit_demo/oskar/models/EOR+Foreground/sky_eor_model_f069.18.osm
69270000,summit_demo/oskar/models/EOR+Foreground/sky_eor_model_f069.27.osm
69360000,summit_demo/oskar/models/EOR+Foreground/sky_eor_model_f069.36.osm
69440000,summit_demo/oskar/models/EOR+Foreground/sky_eor_model_f069.44.osm
69530000,summit_demo/oskar/models/EOR+Foreground/sky_eor_model_f069.53.osm
69610000,summit_demo/oskar/models/EOR+Foreground/sky_eor_model_f069.61.osm
69700000,summit_demo/oskar/models/EOR+Foreground/sky_eor_model_f069.70.osm
69780000,summit_demo/oskar/models/EOR+Foreground/sky_eor_model_f069.78.osm
69870000,summit_demo/oskar/models/EOR+Foreground/sky_eor_model_f069.87.osm
69950000,summit_demo/oskar/models/EOR+Foreground/sky_eor_model_f069.95.osm
70040000,summit_demo/oskar/models/EOR+Foreground/sky_eor_model_f070.04.osm
70130000,summit_demo/oskar/models/EOR+Foreground/sky_eor_model_f070.13.osm
70210000,summit_demo/oskar/models/EOR+Foreground/sky_eor_model_f070.21.osm
70300000,summit_demo/oskar/models/EOR+Foreground/sky_eor_model_f070.30.osm
70390000,summit_demo/oskar/models/EOR+Foreground/sky_eor_model_f070.39.osm
70470000,summit_demo/oskar/models/EOR+Foreground/sky_eor_model_f070.47.osm
70560000,summit_demo/oskar/models/EOR+Foreground/sky_eor_model_f070.56.osm
70650000,summit_demo/oskar/models/EOR+Foreground/sky_eor_model_f070.65.osm
70740000,summit_demo/oskar/models/EOR+Foreground/sky_eor_model_f070.74.osm
70910000,summit_demo/oskar/models/EOR+Foreground/sky_eor_model_f070.91.osm
71080000,summit_demo/oskar/models/EOR+Foreground/sky_eor_model_f071.08.osm
71260000,summit_demo/oskar/models/EOR+Foreground/sky_eor_model_f071.26.osm
71430000,summit_demo/oskar/models/EOR+Foreground/sky_eor_model_f071.43.osm
71610000,summit_demo/oskar/models/EOR+Foreground/sky_eor_model_f071.61.osm
71780000,summit_demo/oskar/models/EOR+Foreground/sky_eor_model_f071.78.osm
71960000,summit_demo/oskar/models/EOR+Foreground/sky_eor_model_f071.96.osm
72140000,summit_demo/oskar/models/EOR+Foreground/sky_eor_model_f072.14.osm
72320000,summit_demo/oskar/models/EOR+Foreground/sky_eor_model_f072.32.osm
72500000,summit_demo/oskar/models/EOR+Foreground/sky_eor_model_f072.50.osm
72680000,summit_demo/oskar/models/EOR+Foreground/sky_eor_model_f072.68.osm
72860000,summit_demo/oskar/models/EOR+Foreground/sky_eor_model_f072.86.osm
73040000,summit_demo/oskar/models/EOR+Foreground/sky_eor_model_f073.04.osm
73230000,summit_demo/oskar/models/EOR+Foreground/sky_eor_model_f073.23.osm
73410000,summit_demo/oskar/models/EOR+Foreground/sky_eor_model_f073.41.osm
73600000,summit_demo/oskar/models/EOR+Foreground/sky_eor_model_f073.60.osm
73690000,summit_demo/oskar/models/EOR+Foreground/sky_eor_model_f073.69.osm
73780000,summit_demo/oskar/models/EOR+Foreground/sky_eor_model_f073.78.osm
73870000,summit_demo/oskar/models/EOR+Foreground/sky_eor_model_f073.87.osm
73960000,summit_demo/oskar/models/EOR+Foreground/sky_eor_model_f073.96.osm
74050000,summit_demo/oskar/models/EOR+Foreground/sky_eor_model_f074.05.osm
74140000,summit_demo/oskar/models/EOR+Foreground/sky_eor_model_f074.14.osm
74240000,summit_demo/oskar/models/EOR+Foreground/sky_eor_model_f074.24.osm
74330000,summit_demo/oskar/models/EOR+Foreground/sky_eor_model_f074.33.osm
74420000,summit_demo/oskar/models/EOR+Foreground/sky_eor_model_f074.42.osm
74510000,summit_demo/oskar/models/EOR+Foreground/sky_eor_model_f074.51.osm
74610000,summit_demo/oskar/models/EOR+Foreground/sky_eor_model_f074.61.osm
74700000,summit_demo/oskar/models/EOR+Foreground/sky_eor_model_f074.70.osm
74790000,summit_demo/oskar/models/EOR+Foreground/sky_eor_model_f074.79.osm
74890000,summit_demo/oskar/models/EOR+Foreground/sky_eor_model_f074.89.osm
74980000,summit_demo/oskar/models/EOR+Foreground/sky_eor_model_f074.98.osm
75070000,summit_demo/oskar/models/EOR+Foreground/sky_eor_model_f075.07.osm
75170000,summit_demo/oskar/models/EOR+Foreground/sky_eor_model_f075.17.osm
75260000,summit_demo/oskar/models/EOR+Foreground/sky_eor_model_f075.26.osm
75350000,summit_demo/oskar/models/EOR+Foreground/sky_eor_model_f075.35.osm
75440000,summit_demo/oskar/models/EOR+Foreground/sky_eor_model_f075.44.osm
75540000,summit_demo/oskar/models/EOR+Foreground/sky_eor_model_f075.54.osm
75630000,summit_demo/oskar/models/EOR+Foreground/sky_eor_model_f075.63.osm
75720000,summit_demo/oskar/models/EOR+Foreground/sky_eor_model_f075.72.osm
75820000,summit_demo/oskar/models/EOR+Foreground/sky_eor_model_f075.82.osm
75910000,summit_demo/oskar/models/EOR+Foreground/sky_eor_model_f075.91.osm
76000000,summit_demo/oskar/models/EOR+Foreground/sky_eor_model_f076.00.osm
76100000,summit_demo/oskar/models/EOR+Foreground/sky_eor_model_f076.10.osm
76190000,summit_demo/oskar/models/EOR+Foreground/sky_eor_model_f076.19.osm
76290000,summit_demo/oskar/models/EOR+Foreground/sky_eor_model_f076.29.osm
76380000,summit_demo/oskar/models/EOR+Foreground/sky_eor_model_f076.38.osm
76480000,summit_demo/oskar/models/EOR+Foreground/sky_eor_model_f076.48.osm
76570000,summit_demo/oskar/models/EOR+Foreground/sky_eor_model_f076.57.osm
76660000,summit_demo/oskar/models/EOR+Foreground/sky_eor_model_f076.66.osm
76760000,summit_demo/oskar/models/EOR+Foreground/sky_eor_model_f076.76.osm
76850000,summit_demo/oskar/models/EOR+Foreground/sky_eor_model_f076.85.osm
76940000,summit_demo/oskar/models/EOR+Foreground/sky_eor_model_f076.94.osm
77040000,summit_demo/oskar/models/EOR+Foreground/sky_eor_model_f077.04.osm
77130000,summit_demo/oskar/models/EOR+Foreground/sky_eor_model_f077.13.osm
77230000,summit_demo/oskar/models/EOR+Foreground/sky_eor_model_f077.23.osm
77320000,summit_demo/oskar/models/EOR+Foreground/sky_eor_model_f077.32.osm
77420000,summit_demo/oskar/models/EOR+Foreground/sky_eor_model_f077.42.osm
77510000,summit_demo/oskar/models/EOR+Foreground/sky_eor_model_f077.51.osm
77610000,summit_demo/oskar/models/EOR+Foreground/sky_eor_model_f077.61.osm
77700000,summit_demo/oskar/models/EOR+Foreground/sky_eor_model_f077.70.osm
77800000,summit_demo/oskar/models/EOR+Foreground/sky_eor_model_f077.80.osm
77890000,summit_demo/oskar/models/EOR+Foreground/sky_eor_model_f077.89.osm
77990000,summit_demo/oskar/models/EOR+Foreground/sky_eor_model_f077.99.osm
78090000,summit_demo/oskar/models/EOR+Foreground/sky_eor_model_f078.09.osm
78180000,summit_demo/oskar/models/EOR+Foreground/sky_eor_model_f078.18.osm
78280000,summit_demo/oskar/models/EOR+Foreground/sky_eor_model_f078.28.osm
78380000,summit_demo/oskar/models/EOR+Foreground/sky_eor_model_f078.38.osm
78480000,summit_demo/oskar/models/EOR+Foreground/sky_eor_model_f078.48.osm
78570000,summit_demo/oskar/models/EOR+Foreground/sky_eor_model_f078.57.osm
78670000,summit_demo/oskar/models/EOR+Foreground/sky_eor_model_f078.67.osm
78770000,summit_demo/oskar/models/EOR+Foreground/sky_eor_model_f078.77.osm
78870000,summit_demo/oskar/models/EOR+Foreground/sky_eor_model_f078.87.osm
78970000,summit_demo/oskar/models/EOR+Foreground/sky_eor_model_f078.97.osm
79060000,summit_demo/oskar/models/EOR+Foreground/sky_eor_model_f079.06.osm
79160000,summit_demo/oskar/models/EOR+Foreground/sky_eor_model_f079.16.osm
79260000,summit_demo/oskar/models/EOR+Foreground/sky_eor_model_f079.26.osm
79360000,summit_demo/oskar/models/EOR+Foreground/sky_eor_model_f079.36.osm
79460000,summit_demo/oskar/models/EOR+Foreground/sky_eor_model_f079.46.osm
79560000,summit_demo/oskar/models/EOR+Foreground/sky_eor_model_f079.56.osm
79660000,summit_demo/oskar/models/EOR+Foreground/sky_eor_model_f079.66.osm
79760000,summit_demo/oskar/models/EOR+Foreground/sky_eor_model_f079.76.osm
79860000,summit_demo/oskar/models/EOR+Foreground/sky_eor_model_f079.86.osm
79960000,summit_demo/oskar/models/EOR+Foreground/sky_eor_model_f079.96.osm
80060000,summit_demo/oskar/models/EOR+Foreground/sky_eor_model_f080.06.osm
80160000,summit_demo/oskar/models/EOR+Foreground/sky_eor_model_f080.16.osm
80250000,summit_demo/oskar/models/EOR+Foreground/sky_eor_model_f080.25.osm
80350000,summit_demo/oskar/models/EOR+Foreground/sky_eor_model_f080.35.osm
80450000,summit_demo/oskar/models/EOR+Foreground/sky_eor_model_f080.45.osm
80550000,summit_demo/oskar/models/EOR+Foreground/sky_eor_model_f080.55.osm
80650000,summit_demo/oskar/models/EOR+Foreground/sky_eor_model_f080.65.osm
80750000,summit_demo/oskar/models/EOR+Foreground/sky_eor_model_f080.75.osm
80850000,summit_demo/oskar/models/EOR+Foreground/sky_eor_model_f080.85.osm
80950000,summit_demo/oskar/models/EOR+Foreground/sky_eor_model_f080.95.osm
81060000,summit_demo/oskar/models/EOR+Foreground/sky_eor_model_f081.06.osm
81160000,summit_demo/oskar/models/EOR+Foreground/sky_eor_model_f081.16.osm
81260000,summit_demo/oskar/models/EOR+Foreground/sky_eor_model_f081.26.osm
81360000,summit_demo/oskar/models/EOR+Foreground/sky_eor_model_f081.36.osm
81460000,summit_demo/oskar/models/EOR+Foreground/sky_eor_model_f081.46.osm
81560000,summit_demo/oskar/models/EOR+Foreground/sky_eor_model_f081.56.osm
81660000,summit_demo/oskar/models/EOR+Foreground/sky_eor_model_f081.66.osm
81760000,summit_demo/oskar/models/EOR+Foreground/sky_eor_model_f081.76.osm
81860000,summit_demo/oskar/models/EOR+Foreground/sky_eor_model_f081.86.osm
81960000,summit_demo/oskar/models/EOR+Foreground/sky_eor_model_f081.96.osm
82060000,summit_demo/oskar/models/EOR+Foreground/sky_eor_model_f082.06.osm
82160000,summit_demo/oskar/models/EOR+Foreground/sky_eor_model_f082.16.osm
82260000,summit_demo/oskar/models/EOR+Foreground/sky_eor_model_f082.26.osm
82360000,summit_demo/oskar/models/EOR+Foreground/sky_eor_model_f082.36.osm
82460000,summit_demo/oskar/models/EOR+Foreground/sky_eor_model_f082.46.osm
82560000,summit_demo/oskar/models/EOR+Foreground/sky_eor_model_f082.56.osm
82670000,summit_demo/oskar/models/EOR+Foreground/sky_eor_model_f082.67.osm
82770000,summit_demo/oskar/models/EOR+Foreground/sky_eor_model_f082.77.osm
82870000,summit_demo/oskar/models/EOR+Foreground/sky_eor_model_f082.87.osm
82970000,summit_demo/oskar/models/EOR+Foreground/sky_eor_model_f082.97.osm
83080000,summit_demo/oskar/models/EOR+Foreground/sky_eor_model_f083.08.osm
83180000,summit_demo/oskar/models/EOR+Foreground/sky_eor_model_f083.18.osm
83280000,summit_demo/oskar/models/EOR+Foreground/sky_eor_model_f083.28.osm
83390000,summit_demo/oskar/models/EOR+Foreground/sky_eor_model_f083.39.osm
83490000,summit_demo/oskar/models/EOR+Foreground/sky_eor_model_f083.49.osm
83600000,summit_demo/oskar/models/EOR+Foreground/sky_eor_model_f083.60.osm
83700000,summit_demo/oskar/models/EOR+Foreground/sky_eor_model_f083.70.osm
83810000,summit_demo/oskar/models/EOR+Foreground/sky_eor_model_f083.81.osm
83910000,summit_demo/oskar/models/EOR+Foreground/sky_eor_model_f083.91.osm
84020000,summit_demo/oskar/models/EOR+Foreground/sky_eor_model_f084.02.osm
84120000,summit_demo/oskar/models/EOR+Foreground/sky_eor_model_f084.12.osm
84230000,summit_demo/oskar/models/EOR+Foreground/sky_eor_model_f084.23.osm
84330000,summit_demo/oskar/models/EOR+Foreground/sky_eor_model_f084.33.osm
84440000,summit_demo/oskar/models/EOR+Foreground/sky_eor_model_f084.44.osm
84550000,summit_demo/oskar/models/EOR+Foreground/sky_eor_model_f084.55.osm
84650000,summit_demo/oskar/models/EOR+Foreground/sky_eor_model_f084.65.osm
84760000,summit_demo/oskar/models/EOR+Foreground/sky_eor_model_f084.76.osm
84860000,summit_demo/oskar/models/EOR+Foreground/sky_eor_model_f084.86.osm
84960000,summit_demo/oskar/models/EOR+Foreground/sky_eor_model_f084.96.osm
85070000,summit_demo/oskar/models/EOR+Foreground/sky_eor_model_f085.07.osm
85180000,summit_demo/oskar/models/EOR+Foreground/sky_eor_model_f085.18.osm
85280000,summit_demo/oskar/models/EOR+Foreground/sky_eor_model_f085.28.osm
85390000,summit_demo/oskar/models/EOR+Foreground/sky_eor_model_f085.39.osm
85490000,summit_demo/oskar/models/EOR+Foreground/sky_eor_model_f085.49.osm
85600000,summit_demo/oskar/models/EOR+Foreground/sky_eor_model_f085.60.osm
85710000,summit_demo/oskar/models/EOR+Foreground/sky_eor_model_f085.71.osm
85810000,summit_demo/oskar/models/EOR+Foreground/sky_eor_model_f085.81.osm
85920000,summit_demo/oskar/models/EOR+Foreground/sky_eor_model_f085.92.osm
86030000,summit_demo/oskar/models/EOR+Foreground/sky_eor_model_f086.03.osm
86130000,summit_demo/oskar/models/EOR+Foreground/sky_eor_model_f086.13.osm
86240000,summit_demo/oskar/models/EOR+Foreground/sky_eor_model_f086.24.osm
86350000,summit_demo/oskar/models/EOR+Foreground/sky_eor_model_f086.35.osm
86450000,summit_demo/oskar/models/EOR+Foreground/sky_eor_model_f086.45.osm
86560000,summit_demo/oskar/models/EOR+Foreground/sky_eor_model_f086.56.osm
86660000,summit_demo/oskar/models/EOR+Foreground/sky_eor_model_f086.66.osm
86770000,summit_demo/oskar/models/EOR+Foreground/sky_eor_model_f086.77.osm
86870000,summit_demo/oskar/models/EOR+Foreground/sky_eor_model_f086.87.osm
86980000,summit_demo/oskar/models/EOR+Foreground/sky_eor_model_f086.98.osm
87090000,summit_demo/oskar/models/EOR+Foreground/sky_eor_model_f087.09.osm
87190000,summit_demo/oskar/models/EOR+Foreground/sky_eor_model_f087.19.osm
87300000,summit_demo/oskar/models/EOR+Foreground/sky_eor_model_f087.30.osm
87410000,summit_demo/oskar/models/EOR+Foreground/sky_eor_model_f087.41.osm
87520000,summit_demo/oskar/models/EOR+Foreground/sky_eor_model_f087.52.osm
87620000,summit_demo/oskar/models/EOR+Foreground/sky_eor_model_f087.62.osm
87730000,summit_demo/oskar/models/EOR+Foreground/sky_eor_model_f087.73.osm
87840000,summit_demo/oskar/models/EOR+Foreground/sky_eor_model_f087.84.osm
87950000,summit_demo/oskar/models/EOR+Foreground/sky_eor_model_f087.95.osm
88060000,summit_demo/oskar/models/EOR+Foreground/sky_eor_model_f088.06.osm
88170000,summit_demo/oskar/models/EOR+Foreground/sky_eor_model_f088.17.osm
88280000,summit_demo/oskar/models/EOR+Foreground/sky_eor_model_f088.28.osm
88390000,summit_demo/oskar/models/EOR+Foreground/sky_eor_model_f088.39.osm
88500000,summit_demo/oskar/models/EOR+Foreground/sky_eor_model_f088.50.osm
88610000,summit_demo/oskar/models/EOR+Foreground/sky_eor_model_f088.61.osm
88720000,summit_demo/oskar/models/EOR+Foreground/sky_eor_model_f088.72.osm
88830000,summit_demo/oskar/models/EOR+Foreground/sky_eor_model_f088.83.osm
88940000,summit_demo/oskar/models/EOR+Foreground/sky_eor_model_f088.94.osm
89050000,summit_demo/oskar/models/EOR+Foreground/sky_eor_model_f089.05.osm
89170000,summit_demo/oskar/models/EOR+Foreground/sky_eor_model_f089.17.osm
89280000,summit_demo/oskar/models/EOR+Foreground/sky_eor_model_f089.28.osm
89390000,summit_demo/oskar/models/EOR+Foreground/sky_eor_model_f089.39.osm
89500000,summit_demo/oskar/models/EOR+Foreground/sky_eor_model_f089.50.osm
89620000,summit_demo/oskar/models/EOR+Foreground/sky_eor_model_f089.62.osm
89730000,summit_demo/oskar/models/EOR+Foreground/sky_eor_model_f089.73.osm
89840000,summit_demo/oskar/models/EOR+Foreground/sky_eor_model_f089.84.osm
89950000,summit_demo/oskar/models/EOR+Foreground/sky_eor_model_f089.95.osm
90060000,summit_demo/oskar/models/EOR+Foreground/sky_eor_model_f090.06.osm
90170000,summit_demo/oskar/models/EOR+Foreground/sky_eor_model_f090.17.osm
90280000,summit_demo/oskar/models/EOR+Foreground/sky_eor_model_f090.28.osm
90390000,summit_demo/oskar/models/EOR+Foreground/sky_eor_model_f090.39.osm
90500000,summit_demo/oskar/models/EOR+Foreground/sky_eor_model_f090.50.osm
90620000,summit_demo/oskar/models/EOR+Foreground/sky_eor_model_f090.62.osm
90730000,summit_demo/oskar/models/EOR+Foreground/sky_eor_model_f090.73.osm
90840000,summit_demo/oskar/models/EOR+Foreground/sky_eor_model_f090.84.osm
90950000,summit_demo/oskar/models/EOR+Foreground/sky_eor_model_f090.95.osm
91070000,summit_demo/oskar/models/EOR+Foreground/sky_eor_model_f091.07.osm
91180000,summit_demo/oskar/models/EOR+Foreground/sky_eor_model_f091.18.osm
91290000,summit_demo/oskar/models/EOR+Foreground/sky_eor_model_f091.29.osm
91410000,summit_demo/oskar/models/EOR+Foreground/sky_eor_model_f091.41.osm
91520000,summit_demo/oskar/models/EOR+Foreground/sky_eor_model_f091.52.osm
91630000,summit_demo/oskar/models/EOR+Foreground/sky_eor_model_f091.63.osm
91740000,summit_demo/oskar/models/EOR+Foreground/sky_eor_model_f091.74.osm
91850000,summit_demo/oskar/models/EOR+Foreground/sky_eor_model_f091.85.osm
91970000,summit_demo/oskar/models/EOR+Foreground/sky_eor_model_f091.97.osm
92080000,summit_demo/oskar/models/EOR+Foreground/sky_eor_model_f092.08.osm
92190000,summit_demo/oskar/models/EOR+Foreground/sky_eor_model_f092.19.osm
92300000,summit_demo/oskar/models/EOR+Foreground/sky_eor_model_f092.30.osm
92410000,summit_demo/oskar/models/EOR+Foreground/sky_eor_model_f092.41.osm
92530000,summit_demo/oskar/models/EOR+Foreground/sky_eor_model_f092.53.osm
92640000,summit_demo/oskar/models/EOR+Foreground/sky_eor_model_f092.64.osm
92750000,summit_demo/oskar/models/EOR+Foreground/sky_eor_model_f092.75.osm
92870000,summit_demo/oskar/models/EOR+Foreground/sky_eor_model_f092.87.osm
92980000,summit_demo/oskar/models/EOR+Foreground/sky_eor_model_f092.98.osm
93100000,summit_demo/oskar/models/EOR+Foreground/sky_eor_model_f093.10.osm
93210000,summit_demo/oskar/models/EOR+Foreground/sky_eor_model_f093.21.osm
93320000,summit_demo/oskar/models/EOR+Foreground/sky_eor_model_f093.32.osm
93440000,summit_demo/oskar/models/EOR+Foreground/sky_eor_model_f093.44.osm
93560000,summit_demo/oskar/models/EOR+Foreground/sky_eor_model_f093.56.osm
93670000,summit_demo/oskar/models/EOR+Foreground/sky_eor_model_f093.67.osm
93790000,summit_demo/oskar/models/EOR+Foreground/sky_eor_model_f093.79.osm
93900000,summit_demo/oskar/models/EOR+Foreground/sky_eor_model_f093.90.osm
94020000,summit_demo/oskar/models/EOR+Foreground/sky_eor_model_f094.02.osm
94140000,summit_demo/oskar/models/EOR+Foreground/sky_eor_model_f094.14.osm
94250000,summit_demo/oskar/models/EOR+Foreground/sky_eor_model_f094.25.osm
94370000,summit_demo/oskar/models/EOR+Foreground/sky_eor_model_f094.37.osm
94490000,summit_demo/oskar/models/EOR+Foreground/sky_eor_model_f094.49.osm
94610000,summit_demo/oskar/models/EOR+Foreground/sky_eor_model_f094.61.osm
94720000,summit_demo/oskar/models/EOR+Foreground/sky_eor_model_f094.72.osm
94840000,summit_demo/oskar/models/EOR+Foreground/sky_eor_model_f094.84.osm
94960000,summit_demo/oskar/models/EOR+Foreground/sky_eor_model_f094.96.osm
95080000,summit_demo/oskar/models/EOR+Foreground/sky_eor_model_f095.08.osm
95200000,summit_demo/oskar/models/EOR+Foreground/sky_eor_model_f095.20.osm
95320000,summit_demo/oskar/models/EOR+Foreground/sky_eor_model_f095.32.osm
95430000,summit_demo/oskar/models/EOR+Foreground/sky_eor_model_f095.43.osm
95550000,summit_demo/oskar/models/EOR+Foreground/sky_eor_model_f095.55.osm
95670000,summit_demo/oskar/models/EOR+Foreground/sky_eor_model_f095.67.osm
95780000,summit_demo/oskar/models/EOR+Foreground/sky_eor_model_f095.78.osm
95900000,summit_demo/oskar/models/EOR+Foreground/sky_eor_model_f095.90.osm
96020000,summit_demo/oskar/models/EOR+Foreground/sky_eor_model_f096.02.osm
96140000,summit_demo/oskar/models/EOR+Foreground/sky_eor_model_f096.14.osm
96250000,summit_demo/oskar/models/EOR+Foreground/sky_eor_model_f096.25.osm
96370000,summit_demo/oskar/models/EOR+Foreground/sky_eor_model_f096.37.osm
96490000,summit_demo/oskar/models/EOR+Foreground/sky_eor_model_f096.49.osm
96610000,summit_demo/oskar/models/EOR+Foreground/sky_eor_model_f096.61.osm
96730000,summit_demo/oskar/models/EOR+Foreground/sky_eor_model_f096.73.osm
96850000,summit_demo/oskar/models/EOR+Foreground/sky_eor_model_f096.85.osm
96970000,summit_demo/oskar/models/EOR+Foreground/sky_eor_model_f096.97.osm
97090000,summit_demo/oskar/models/EOR+Foreground/sky_eor_model_f097.09.osm
97210000,summit_demo/oskar/models/EOR+Foreground/sky_eor_model_f097.21.osm
97330000,summit_demo/oskar/models/EOR+Foreground/sky_eor_model_f097.33.osm
97450000,summit_demo/oskar/models/EOR+Foreground/sky_eor_model_f097.45.osm
97570000,summit_demo/oskar/models/EOR+Foreground/sky_eor_model_f097.57.osm
97690000,summit_demo/oskar/models/EOR+Foreground/sky_eor_model_f097.69.osm
97820000,summit_demo/oskar/models/EOR+Foreground/sky_eor_model_f097.82.osm
97940000,summit_demo/oskar/models/EOR+Foreground/sky_eor_model_f097.94.osm
98060000,summit_demo/oskar/models/EOR+Foreground/sky_eor_model_f098.06.osm
98180000,summit_demo/oskar/models/EOR+Foreground/sky_eor_model_f098.18.osm
98310000,summit_demo/oskar/models/EOR+Foreground/sky_eor_model_f098.31.osm
98430000,summit_demo/oskar/models/EOR+Foreground/sky_eor_model_f098.43.osm
98550000,summit_demo/oskar/models/EOR+Foreground/sky_eor_model_f098.55.osm
98680000,summit_demo/oskar/models/EOR+Foreground/sky_eor_model_f098.68.osm
98800000,summit_demo/oskar/models/EOR+Foreground/sky_eor_model_f098.80.osm
98930000,summit_demo/oskar/models/EOR+Foreground/sky_eor_model_f098.93.osm
99050000,summit_demo/oskar/models/EOR+Foreground/sky_eor_model_f099.05.osm
99170000,summit_demo/oskar/models/EOR+Foreground/sky_eor_model_f099.17.osm
99290000,summit_demo/oskar/models/EOR+Foreground/sky_eor_model_f099.29.osm
99420000,summit_demo/oskar/models/EOR+Foreground/sky_eor_model_f099.42.osm
99540000,summit_demo/oskar/models/EOR+Foreground/sky_eor_model_f099.54.osm
99660000,summit_demo/oskar/models/EOR+Foreground/sky_eor_model_f099.66.osm
99780000,summit_demo/oskar/models/EOR+Foreground/sky_eor_model_f099.78.osm
99910000,summit_demo/oskar/models/EOR+Foreground/sky_eor_model_f099.91.osm
100030000,summit_demo/oskar/models/EOR+Foreground/sky_eor_model_f100.03.osm
100150000,summit_demo/oskar/models/EOR+Foreground/sky_eor_model_f100.15.osm
100280000,summit_demo/oskar/models/EOR+Foreground/sky_eor_model_f100.28.osm
100400000,summit_demo/oskar/models/EOR+Foreground/sky_eor_model_f100.40.osm
100520000,summit_demo/oskar/models/EOR+Foreground/sky_eor_model_f100.52.osm
100650000,summit_demo/oskar/models/EOR+Foreground/sky_eor_model_f100.65.osm
100770000,summit_demo/oskar/models/EOR+Foreground/sky_eor_model_f100.77.osm
100900000,summit_demo/oskar/models/EOR+Foreground/sky_eor_model_f100.90.osm
101020000,summit_demo/oskar/models/EOR+Foreground/sky_eor_model_f101.02.osm
101150000,summit_demo/oskar/models/EOR+Foreground/sky_eor_model_f101.15.osm
101280000,summit_demo/oskar/models/EOR+Foreground/sky_eor_model_f101.28.osm
101400000,summit_demo/oskar/models/EOR+Foreground/sky_eor_model_f101.40.osm
101530000,summit_demo/oskar/models/EOR+Foreground/sky_eor_model_f101.53.osm
101660000,summit_demo/oskar/models/EOR+Foreground/sky_eor_model_f101.66.osm
101780000,summit_demo/oskar/models/EOR+Foreground/sky_eor_model_f101.78.osm
101910000,summit_demo/oskar/models/EOR+Foreground/sky_eor_model_f101.91.osm
102040000,summit_demo/oskar/models/EOR+Foreground/sky_eor_model_f102.04.osm
102170000,summit_demo/oskar/models/EOR+Foreground/sky_eor_model_f102.17.osm
102300000,summit_demo/oskar/models/EOR+Foreground/sky_eor_model_f102.30.osm
102430000,summit_demo/oskar/models/EOR+Foreground/sky_eor_model_f102.43.osm
102560000,summit_demo/oskar/models/EOR+Foreground/sky_eor_model_f102.56.osm
102690000,summit_demo/oskar/models/EOR+Foreground/sky_eor_model_f102.69.osm
102820000,summit_demo/oskar/models/EOR+Foreground/sky_eor_model_f102.82.osm
102950000,summit_demo/oskar/models/EOR+Foreground/sky_eor_model_f102.95.osm
103080000,summit_demo/oskar/models/EOR+Foreground/sky_eor_model_f103.08.osm
103200000,summit_demo/oskar/models/EOR+Foreground/sky_eor_model_f103.20.osm
103330000,summit_demo/oskar/models/EOR+Foreground/sky_eor_model_f103.33.osm
103460000,summit_demo/oskar/models/EOR+Foreground/sky_eor_model_f103.46.osm
103580000,summit_demo/oskar/models/EOR+Foreground/sky_eor_model_f103.58.osm
103710000,summit_demo/oskar/models/EOR+Foreground/sky_eor_model_f103.71.osm
103840000,summit_demo/oskar/models/EOR+Foreground/sky_eor_model_f103.84.osm
103970000,summit_demo/oskar/models/EOR+Foreground/sky_eor_model_f103.97.osm
104100000,summit_demo/oskar/models/EOR+Foreground/sky_eor_model_f104.10.osm
104230000,summit_demo/oskar/models/EOR+Foreground/sky_eor_model_f104.23.osm
104350000,summit_demo/oskar/models/EOR+Foreground/sky_eor_model_f104.35.osm
104480000,summit_demo/oskar/models/EOR+Foreground/sky_eor_model_f104.48.osm
104610000,summit_demo/oskar/models/EOR+Foreground/sky_eor_model_f104.61.osm
104740000,summit_demo/oskar/models/EOR+Foreground/sky_eor_model_f104.74.osm
104870000,summit_demo/oskar/models/EOR+Foreground/sky_eor_model_f104.87.osm
105010000,summit_demo/oskar/models/EOR+Foreground/sky_eor_model_f105.01.osm
105140000,summit_demo/oskar/models/EOR+Foreground/sky_eor_model_f105.14.osm
105260000,summit_demo/oskar/models/EOR+Foreground/sky_eor_model_f105.26.osm
105390000,summit_demo/oskar/models/EOR+Foreground/sky_eor_model_f105.39.osm
105520000,summit_demo/oskar/models/EOR+Foreground/sky_eor_model_f105.52.osm
105650000,summit_demo/oskar/models/EOR+Foreground/sky_eor_model_f105.65.osm
105770000,summit_demo/oskar/models/EOR+Foreground/sky_eor_model_f105.77.osm
105900000,summit_demo/oskar/models/EOR+Foreground/sky_eor_model_f105.90.osm
106030000,summit_demo/oskar/models/EOR+Foreground/sky_eor_model_f106.03.osm
106160000,summit_demo/oskar/models/EOR+Foreground/sky_eor_model_f106.16.osm
106290000,summit_demo/oskar/models/EOR+Foreground/sky_eor_model_f106.29.osm
106420000,summit_demo/oskar/models/EOR+Foreground/sky_eor_model_f106.42.osm
106550000,summit_demo/oskar/models/EOR+Foreground/sky_eor_model_f106.55.osm
106680000,summit_demo/oskar/models/EOR+Foreground/sky_eor_model_f106.68.osm
106810000,summit_demo/oskar/models/EOR+Foreground/sky_eor_model_f106.81.osm
106940000,summit_demo/oskar/models/EOR+Foreground/sky_eor_model_f106.94.osm
107070000,summit_demo/oskar/models/EOR+Foreground/sky_eor_model_f107.07.osm
107200000,summit_demo/oskar/models/EOR+Foreground/sky_eor_model_f107.20.osm
107330000,summit_demo/oskar/models/EOR+Foreground/sky_eor_model_f107.33.osm
107460000,summit_demo/oskar/models/EOR+Foreground/sky_eor_model_f107.46.osm
107600000,summit_demo/oskar/models/EOR+Foreground/sky_eor_model_f107.60.osm
107730000,summit_demo/oskar/models/EOR+Foreground/sky_eor_model_f107.73.osm
107860000,summit_demo/oskar/models/EOR+Foreground/sky_eor_model_f107.86.osm
107990000,summit_demo/oskar/models/EOR+Foreground/sky_eor_model_f107.99.osm
108130000,summit_demo/oskar/models/EOR+Foreground/sky_eor_model_f108.13.osm
108260000,summit_demo/oskar/models/EOR+Foreground/sky_eor_model_f108.26.osm
108400000,summit_demo/oskar/models/EOR+Foreground/sky_eor_model_f108.40.osm
108530000,summit_demo/oskar/models/EOR+Foreground/sky_eor_model_f108.53.osm
108670000,summit_demo/oskar/models/EOR+Foreground/sky_eor_model_f108.67.osm
108800000,summit_demo/oskar/models/EOR+Foreground/sky_eor_model_f108.80.osm
108940000,summit_demo/oskar/models/EOR+Foreground/sky_eor_model_f108.94.osm
109070000,summit_demo/oskar/models/EOR+Foreground/sky_eor_model_f109.07.osm
109210000,summit_demo/oskar/models/EOR+Foreground/sky_eor_model_f109.21.osm
109350000,summit_demo/oskar/models/EOR+Foreground/sky_eor_model_f109.35.osm
109480000,summit_demo/oskar/models/EOR+Foreground/sky_eor_model_f109.48.osm
109620000,summit_demo/oskar/models/EOR+Foreground/sky_eor_model_f109.62.osm
109760000,summit_demo/oskar/models/EOR+Foreground/sky_eor_model_f109.76.osm
109900000,summit_demo/oskar/models/EOR+Foreground/sky_eor_model_f109.90.osm
110030000,summit_demo/oskar/models/EOR+Foreground/sky_eor_model_f110.03.osm
110170000,summit_demo/oskar/models/EOR+Foreground/sky_eor_model_f110.17.osm
110310000,summit_demo/oskar/models/EOR+Foreground/sky_eor_model_f110.31.osm
110450000,summit_demo/oskar/models/EOR+Foreground/sky_eor_model_f110.45.osm
110590000,summit_demo/oskar/models/EOR+Foreground/sky_eor_model_f110.59.osm
110730000,summit_demo/oskar/models/EOR+Foreground/sky_eor_model_f110.73.osm
110870000,summit_demo/oskar/models/EOR+Foreground/sky_eor_model_f110.87.osm
111010000,summit_demo/oskar/models/EOR+Foreground/sky_eor_model_f111.01.osm
111150000,summit_demo/oskar/models/EOR+Foreground/sky_eor_model_f111.15.osm
111290000,summit_demo/oskar/models/EOR+Foreground/sky_eor_model_f111.29.osm
111440000,summit_demo/oskar/models/EOR+Foreground/sky_eor_model_f111.44.osm
111580000,summit_demo/oskar/models/EOR+Foreground/sky_eor_model_f111.58.osm
111710000,summit_demo/oskar/models/EOR+Foreground/sky_eor_model_f111.71.osm
111840000,summit_demo/oskar/models/EOR+Foreground/sky_eor_model_f111.84.osm
111970000,summit_demo/oskar/models/EOR+Foreground/sky_eor_model_f111.97.osm
112110000,summit_demo/oskar/models/EOR+Foreground/sky_eor_model_f112.11.osm
112240000,summit_demo/oskar/models/EOR+Foreground/sky_eor_model_f112.24.osm
112370000,summit_demo/oskar/models/EOR+Foreground/sky_eor_model_f112.37.osm
112510000,summit_demo/oskar/models/EOR+Foreground/sky_eor_model_f112.51.osm
112640000,summit_demo/oskar/models/EOR+Foreground/sky_eor_model_f112.64.osm
112770000,summit_demo/oskar/models/EOR+Foreground/sky_eor_model_f112.77.osm
112910000,summit_demo/oskar/models/EOR+Foreground/sky_eor_model_f112.91.osm
113040000,summit_demo/oskar/models/EOR+Foreground/sky_eor_model_f113.04.osm
113180000,summit_demo/oskar/models/EOR+Foreground/sky_eor_model_f113.18.osm
113310000,summit_demo/oskar/models/EOR+Foreground/sky_eor_model_f113.31.osm
113450000,summit_demo/oskar/models/EOR+Foreground/sky_eor_model_f113.45.osm
113590000,summit_demo/oskar/models/EOR+Foreground/sky_eor_model_f113.59.osm
113720000,summit_demo/oskar/models/EOR+Foreground/sky_eor_model_f113.72.osm
113870000,summit_demo/oskar/models/EOR+Foreground/sky_eor_model_f113.87.osm
114010000,summit_demo/oskar/models/EOR+Foreground/sky_eor_model_f114.01.osm
114150000,summit_demo/oskar/models/EOR+Foreground/sky_eor_model_f114.15.osm
114290000,summit_demo/oskar/models/EOR+Foreground/sky_eor_model_f114.29.osm
114440000,summit_demo/oskar/models/EOR+Foreground/sky_eor_model_f114.44.osm
114580000,summit_demo/oskar/models/EOR+Foreground/sky_eor_model_f114.58.osm
114730000,summit_demo/oskar/models/EOR+Foreground/sky_eor_model_f114.73.osm
114870000,summit_demo/oskar/models/EOR+Foreground/sky_eor_model_f114.87.osm
115020000,summit_demo/oskar/models/EOR+Foreground/sky_eor_model_f115.02.osm
115160000,summit_demo/oskar/models/EOR+Foreground/sky_eor_model_f115.16.osm
115310000,summit_demo/oskar/models/EOR+Foreground/sky_eor_model_f115.31.osm
115460000,summit_demo/oskar/models/EOR+Foreground/sky_eor_model_f115.46.osm
115600000,summit_demo/oskar/models/EOR+Foreground/sky_eor_model_f115.60.osm
115750000,summit_demo/oskar/models/EOR+Foreground/sky_eor_model_f115.75.osm
115900000,summit_demo/oskar/models/EOR+Foreground/sky_eor_model_f115.90.osm
116050000,summit_demo/oskar/models/EOR+Foreground/sky_eor_model_f116.05.osm
116190000,summit_demo/oskar/models/EOR+Foreground/sky_eor_model_f116.19.osm
116330000,summit_demo/oskar/models/EOR+Foreground/sky_eor_model_f116.33.osm
116470000,summit_demo/oskar/models/EOR+Foreground/sky_eor_model_f116.47.osm
116620000,summit_demo/oskar/models/EOR+Foreground/sky_eor_model_f116.62.osm
116760000,summit_demo/oskar/models/EOR+Foreground/sky_eor_model_f116.76.osm
116910000,summit_demo/oskar/models/EOR+Foreground/sky_eor_model_f116.91.osm
117050000,summit_demo/oskar/models/EOR+Foreground/sky_eor_model_f117.05.osm
117190000,summit_demo/oskar/models/EOR+Foreground/sky_eor_model_f117.19.osm
117340000,summit_demo/oskar/models/EOR+Foreground/sky_eor_model_f117.34.osm
117490000,summit_demo/oskar/models/EOR+Foreground/sky_eor_model_f117.49.osm
117630000,summit_demo/oskar/models/EOR+Foreground/sky_eor_model_f117.63.osm
117780000,summit_demo/oskar/models/EOR+Foreground/sky_eor_model_f117.78.osm
117920000,summit_demo/oskar/models/EOR+Foreground/sky_eor_model_f117.92.osm
118070000,summit_demo/oskar/models/EOR+Foreground/sky_eor_model_f118.07.osm
118220000,summit_demo/oskar/models/EOR+Foreground/sky_eor_model_f118.22.osm
118370000,summit_demo/oskar/models/EOR+Foreground/sky_eor_model_f118.37.osm
118510000,summit_demo/oskar/models/EOR+Foreground/sky_eor_model_f118.51.osm
118650000,summit_demo/oskar/models/EOR+Foreground/sky_eor_model_f118.65.osm
118790000,summit_demo/oskar/models/EOR+Foreground/sky_eor_model_f118.79.osm
118940000,summit_demo/oskar/models/EOR+Foreground/sky_eor_model_f118.94.osm
119080000,summit_demo/oskar/models/EOR+Foreground/sky_eor_model_f119.08.osm
119220000,summit_demo/oskar/models/EOR+Foreground/sky_eor_model_f119.22.osm
119370000,summit_demo/oskar/models/EOR+Foreground/sky_eor_model_f119.37.osm
119510000,summit_demo/oskar/models/EOR+Foreground/sky_eor_model_f119.51.osm
119660000,summit_demo/oskar/models/EOR+Foreground/sky_eor_model_f119.66.osm
119800000,summit_demo/oskar/models/EOR+Foreground/sky_eor_model_f119.80.osm
119950000,summit_demo/oskar/models/EOR+Foreground/sky_eor_model_f119.95.osm
120090000,summit_demo/oskar/models/EOR+Foreground/sky_eor_model_f120.09.osm
120240000,summit_demo/oskar/models/EOR+Foreground/sky_eor_model_f120.24.osm
120390000,summit_demo/oskar/models/EOR+Foreground/sky_eor_model_f120.39.osm
120530000,summit_demo/oskar/models/EOR+Foreground/sky_eor_model_f120.53.osm
120680000,summit_demo/oskar/models/EOR+Foreground/sky_eor_model_f120.68.osm
120830000,summit_demo/oskar/models/EOR+Foreground/sky_eor_model_f120.83.osm
120990000,summit_demo/oskar/models/EOR+Foreground/sky_eor_model_f120.99.osm
121140000,summit_demo/oskar/models/EOR+Foreground/sky_eor_model_f121.14.osm
121300000,summit_demo/oskar/models/EOR+Foreground/sky_eor_model_f121.30.osm
121450000,summit_demo/oskar/models/EOR+Foreground/sky_eor_model_f121.45.osm
121610000,summit_demo/oskar/models/EOR+Foreground/sky_eor_model_f121.61.osm
121770000,summit_demo/oskar/models/EOR+Foreground/sky_eor_model_f121.77.osm
121920000,summit_demo/oskar/models/EOR+Foreground/sky_eor_model_f121.92.osm
122080000,summit_demo/oskar/models/EOR+Foreground/sky_eor_model_f122.08.osm
122240000,summit_demo/oskar/models/EOR+Foreground/sky_eor_model_f122.24.osm
122400000,summit_demo/oskar/models/EOR+Foreground/sky_eor_model_f122.40.osm
122550000,summit_demo/oskar/models/EOR+Foreground/sky_eor_model_f122.55.osm
122710000,summit_demo/oskar/models/EOR+Foreground/sky_eor_model_f122.71.osm
122870000,summit_demo/oskar/models/EOR+Foreground/sky_eor_model_f122.87.osm
123030000,summit_demo/oskar/models/EOR+Foreground/sky_eor_model_f123.03.osm
123190000,summit_demo/oskar/models/EOR+Foreground/sky_eor_model_f123.19.osm
123340000,summit_demo/oskar/models/EOR+Foreground/sky_eor_model_f123.34.osm
123490000,summit_demo/oskar/models/EOR+Foreground/sky_eor_model_f123.49.osm
123630000,summit_demo/oskar/models/EOR+Foreground/sky_eor_model_f123.63.osm
123780000,summit_demo/oskar/models/EOR+Foreground/sky_eor_model_f123.78.osm
123930000,summit_demo/oskar/models/EOR+Foreground/sky_eor_model_f123.93.osm
124080000,summit_demo/oskar/models/EOR+Foreground/sky_eor_model_f124.08.osm
124230000,summit_demo/oskar/models/EOR+Foreground/sky_eor_model_f124.23.osm
124380000,summit_demo/oskar/models/EOR+Foreground/sky_eor_model_f124.38.osm
124530000,summit_demo/oskar/models/EOR+Foreground/sky_eor_model_f124.53.osm
124680000,summit_demo/oskar/models/EOR+Foreground/sky_eor_model_f124.68.osm
124830000,summit_demo/oskar/models/EOR+Foreground/sky_eor_model_f124.83.osm
124980000,summit_demo/oskar/models/EOR+Foreground/sky_eor_model_f124.98.osm
125130000,summit_demo/oskar/models/EOR+Foreground/sky_eor_model_f125.13.osm
125280000,summit_demo/oskar/models/EOR+Foreground/sky_eor_model_f125.28.osm
125440000,summit_demo/oskar/models/EOR+Foreground/sky_eor_model_f125.44.osm
125590000,summit_demo/oskar/models/EOR+Foreground/sky_eor_model_f125.59.osm
125740000,summit_demo/oskar/models/EOR+Foreground/sky_eor_model_f125.74.osm
125890000,summit_demo/oskar/models/EOR+Foreground/sky_eor_model_f125.89.osm
126050000,summit_demo/oskar/models/EOR+Foreground/sky_eor_model_f126.05.osm
126200000,summit_demo/oskar/models/EOR+Foreground/sky_eor_model_f126.20.osm
126360000,summit_demo/oskar/models/EOR+Foreground/sky_eor_model_f126.36.osm
126510000,summit_demo/oskar/models/EOR+Foreground/sky_eor_model_f126.51.osm
126670000,summit_demo/oskar/models/EOR+Foreground/sky_eor_model_f126.67.osm
126820000,summit_demo/oskar/models/EOR+Foreground/sky_eor_model_f126.82.osm
126980000,summit_demo/oskar/models/EOR+Foreground/sky_eor_model_f126.98.osm
127130000,summit_demo/oskar/models/EOR+Foreground/sky_eor_model_f127.13.osm
127290000,summit_demo/oskar/models/EOR+Foreground/sky_eor_model_f127.29.osm
127450000,summit_demo/oskar/models/EOR+Foreground/sky_eor_model_f127.45.osm
127600000,summit_demo/oskar/models/EOR+Foreground/sky_eor_model_f127.60.osm
127760000,summit_demo/oskar/models/EOR+Foreground/sky_eor_model_f127.76.osm
127920000,summit_demo/oskar/models/EOR+Foreground/sky_eor_model_f127.92.osm
128080000,summit_demo/oskar/models/EOR+Foreground/sky_eor_model_f128.08.osm
128240000,summit_demo/oskar/models/EOR+Foreground/sky_eor_model_f128.24.osm
128400000,summit_demo/oskar/models/EOR+Foreground/sky_eor_model_f128.40.osm
128560000,summit_demo/oskar/models/EOR+Foreground/sky_eor_model_f128.56.osm
128720000,summit_demo/oskar/models/EOR+Foreground/sky_eor_model_f128.72.osm
128880000,summit_demo/oskar/models/EOR+Foreground/sky_eor_model_f128.88.osm
129040000,summit_demo/oskar/models/EOR+Foreground/sky_eor_model_f129.04.osm
129200000,summit_demo/oskar/models/EOR+Foreground/sky_eor_model_f129.20.osm
129360000,summit_demo/oskar/models/EOR+Foreground/sky_eor_model_f129.36.osm
129520000,summit_demo/oskar/models/EOR+Foreground/sky_eor_model_f129.52.osm
129690000,summit_demo/oskar/models/EOR+Foreground/sky_eor_model_f129.69.osm
129850000,summit_demo/oskar/models/EOR+Foreground/sky_eor_model_f129.85.osm
130010000,summit_demo/oskar/models/EOR+Foreground/sky_eor_model_f130.01.osm
130180000,summit_demo/oskar/models/EOR+Foreground/sky_eor_model_f130.18.osm
130340000,summit_demo/oskar/models/EOR+Foreground/sky_eor_model_f130.34.osm
130510000,summit_demo/oskar/models/EOR+Foreground/sky_eor_model_f130.51.osm
130670000,summit_demo/oskar/models/EOR+Foreground/sky_eor_model_f130.67.osm
130830000,summit_demo/oskar/models/EOR+Foreground/sky_eor_model_f130.83.osm
130990000,summit_demo/oskar/models/EOR+Foreground/sky_eor_model_f130.99.osm
131150000,summit_demo/oskar/models/EOR+Foreground/sky_eor_model_f131.15.osm
131310000,summit_demo/oskar/models/EOR+Foreground/sky_eor_model_f131.31.osm
131470000,summit_demo/oskar/models/EOR+Foreground/sky_eor_model_f131.47.osm
131630000,summit_demo/oskar/models/EOR+Foreground/sky_eor_model_f131.63.osm
131790000,summit_demo/oskar/models/EOR+Foreground/sky_eor_model_f131.79.osm
131950000,summit_demo/oskar/models/EOR+Foreground/sky_eor_model_f131.95.osm
132110000,summit_demo/oskar/models/EOR+Foreground/sky_eor_model_f132.11.osm
132270000,summit_demo/oskar/models/EOR+Foreground/sky_eor_model_f132.27.osm
132430000,summit_demo/oskar/models/EOR+Foreground/sky_eor_model_f132.43.osm
132590000,summit_demo/oskar/models/EOR+Foreground/sky_eor_model_f132.59.osm
132760000,summit_demo/oskar/models/EOR+Foreground/sky_eor_model_f132.76.osm
132920000,summit_demo/oskar/models/EOR+Foreground/sky_eor_model_f132.92.osm
133080000,summit_demo/oskar/models/EOR+Foreground/sky_eor_model_f133.08.osm
133250000,summit_demo/oskar/models/EOR+Foreground/sky_eor_model_f133.25.osm
133410000,summit_demo/oskar/models/EOR+Foreground/sky_eor_model_f133.41.osm
133570000,summit_demo/oskar/models/EOR+Foreground/sky_eor_model_f133.57.osm
133740000,summit_demo/oskar/models/EOR+Foreground/sky_eor_model_f133.74.osm
133910000,summit_demo/oskar/models/EOR+Foreground/sky_eor_model_f133.91.osm
134070000,summit_demo/oskar/models/EOR+Foreground/sky_eor_model_f134.07.osm
134240000,summit_demo/oskar/models/EOR+Foreground/sky_eor_model_f134.24.osm
134400000,summit_demo/oskar/models/EOR+Foreground/sky_eor_model_f134.40.osm
134570000,summit_demo/oskar/models/EOR+Foreground/sky_eor_model_f134.57.osm
134740000,summit_demo/oskar/models/EOR+Foreground/sky_eor_model_f134.74.osm
134910000,summit_demo/oskar/models/EOR+Foreground/sky_eor_model_f134.91.osm
135080000,summit_demo/oskar/models/EOR+Foreground/sky_eor_model_f135.08.osm
135240000,summit_demo/oskar/models/EOR+Foreground/sky_eor_model_f135.24.osm
135410000,summit_demo/oskar/models/EOR+Foreground/sky_eor_model_f135.41.osm
135580000,summit_demo/oskar/models/EOR+Foreground/sky_eor_model_f135.58.osm
135750000,summit_demo/oskar/models/EOR+Foreground/sky_eor_model_f135.75.osm
135920000,summit_demo/oskar/models/EOR+Foreground/sky_eor_model_f135.92.osm
136090000,summit_demo/oskar/models/EOR+Foreground/sky_eor_model_f136.09.osm
136270000,summit_demo/oskar/models/EOR+Foreground/sky_eor_model_f136.27.osm
136440000,summit_demo/oskar/models/EOR+Foreground/sky_eor_model_f136.44.osm
136610000,summit_demo/oskar/models/EOR+Foreground/sky_eor_model_f136.61.osm
136780000,summit_demo/oskar/models/EOR+Foreground/sky_eor_model_f136.78.osm
136960000,summit_demo/oskar/models/EOR+Foreground/sky_eor_model_f136.96.osm
137130000,summit_demo/oskar/models/EOR+Foreground/sky_eor_model_f137.13.osm
137300000,summit_demo/oskar/models/EOR+Foreground/sky_eor_model_f137.30.osm
137480000,summit_demo/oskar/models/EOR+Foreground/sky_eor_model_f137.48.osm
137650000,summit_demo/oskar/models/EOR+Foreground/sky_eor_model_f137.65.osm
137830000,summit_demo/oskar/models/EOR+Foreground/sky_eor_model_f137.83.osm
138000000,summit_demo/oskar/models/EOR+Foreground/sky_eor_model_f138.00.osm
138180000,summit_demo/oskar/models/EOR+Foreground/sky_eor_model_f138.18.osm
138360000,summit_demo/oskar/models/EOR+Foreground/sky_eor_model_f138.36.osm
138530000,summit_demo/oskar/models/EOR+Foreground/sky_eor_model_f138.53.osm
138710000,summit_demo/oskar/models/EOR+Foreground/sky_eor_model_f138.71.osm
138880000,summit_demo/oskar/models/EOR+Foreground/sky_eor_model_f138.88.osm
139050000,summit_demo/oskar/models/EOR+Foreground/sky_eor_model_f139.05.osm
139220000,summit_demo/oskar/models/EOR+Foreground/sky_eor_model_f139.22.osm
139390000,summit_demo/oskar/models/EOR+Foreground/sky_eor_model_f139.39.osm
139560000,summit_demo/oskar/models/EOR+Foreground/sky_eor_model_f139.56.osm
139730000,summit_demo/oskar/models/EOR+Foreground/sky_eor_model_f139.73.osm
139910000,summit_demo/oskar/models/EOR+Foreground/sky_eor_model_f139.91.osm
140080000,summit_demo/oskar/models/EOR+Foreground/sky_eor_model_f140.08.osm
140250000,summit_demo/oskar/models/EOR+Foreground/sky_eor_model_f140.25.osm
140430000,summit_demo/oskar/models/EOR+Foreground/sky_eor_model_f140.43.osm
140600000,summit_demo/oskar/models/EOR+Foreground/sky_eor_model_f140.60.osm
140770000,summit_demo/oskar/models/EOR+Foreground/sky_eor_model_f140.77.osm
140950000,summit_demo/oskar/models/EOR+Foreground/sky_eor_model_f140.95.osm
141120000,summit_demo/oskar/models/EOR+Foreground/sky_eor_model_f141.12.osm
141300000,summit_demo/oskar/models/EOR+Foreground/sky_eor_model_f141.30.osm
141470000,summit_demo/oskar/models/EOR+Foreground/sky_eor_model_f141.47.osm
141650000,summit_demo/oskar/models/EOR+Foreground/sky_eor_model_f141.65.osm
141830000,summit_demo/oskar/models/EOR+Foreground/sky_eor_model_f141.83.osm
142000000,summit_demo/oskar/models/EOR+Foreground/sky_eor_model_f142.00.osm
142180000,summit_demo/oskar/models/EOR+Foreground/sky_eor_model_f142.18.osm
142360000,summit_demo/oskar/models/EOR+Foreground/sky_eor_model_f142.36.osm
142540000,summit_demo/oskar/models/EOR+Foreground/sky_eor_model_f142.54.osm
142720000,summit_demo/oskar/models/EOR+Foreground/sky_eor_model_f142.72.osm
142900000,summit_demo/oskar/models/EOR+Foreground/sky_eor_model_f142.90.osm
143080000,summit_demo/oskar/models/EOR+Foreground/sky_eor_model_f143.08.osm
143260000,summit_demo/oskar/models/EOR+Foreground/sky_eor_model_f143.26.osm
143440000,summit_demo/oskar/models/EOR+Foreground/sky_eor_model_f143.44.osm
143620000,summit_demo/oskar/models/EOR+Foreground/sky_eor_model_f143.62.osm
143800000,summit_demo/oskar/models/EOR+Foreground/sky_eor_model_f143.80.osm
143980000,summit_demo/oskar/models/EOR+Foreground/sky_eor_model_f143.98.osm
144170000,summit_demo/oskar/models/EOR+Foreground/sky_eor_model_f144.17.osm
144350000,summit_demo/oskar/models/EOR+Foreground/sky_eor_model_f144.35.osm
144520000,summit_demo/oskar/models/EOR+Foreground/sky_eor_model_f144.52.osm
144700000,summit_demo/oskar/models/EOR+Foreground/sky_eor_model_f144.70.osm
144870000,summit_demo/oskar/models/EOR+Foreground/sky_eor_model_f144.87.osm
145050000,summit_demo/oskar/models/EOR+Foreground/sky_eor_model_f145.05.osm
145230000,summit_demo/oskar/models/EOR+Foreground/sky_eor_model_f145.23.osm
145400000,summit_demo/oskar/models/EOR+Foreground/sky_eor_model_f145.40.osm
145580000,summit_demo/oskar/models/EOR+Foreground/sky_eor_model_f145.58.osm
145760000,summit_demo/oskar/models/EOR+Foreground/sky_eor_model_f145.76.osm
145930000,summit_demo/oskar/models/EOR+Foreground/sky_eor_model_f145.93.osm
146110000,summit_demo/oskar/models/EOR+Foreground/sky_eor_model_f146.11.osm
146290000,summit_demo/oskar/models/EOR+Foreground/sky_eor_model_f146.29.osm
146470000,summit_demo/oskar/models/EOR+Foreground/sky_eor_model_f146.47.osm
146650000,summit_demo/oskar/models/EOR+Foreground/sky_eor_model_f146.65.osm
146830000,summit_demo/oskar/models/EOR+Foreground/sky_eor_model_f146.83.osm
147010000,summit_demo/oskar/models/EOR+Foreground/sky_eor_model_f147.01.osm
147190000,summit_demo/oskar/models/EOR+Foreground/sky_eor_model_f147.19.osm
147370000,summit_demo/oskar/models/EOR+Foreground/sky_eor_model_f147.37.osm
147550000,summit_demo/oskar/models/EOR+Foreground/sky_eor_model_f147.55.osm
147740000,summit_demo/oskar/models/EOR+Foreground/sky_eor_model_f147.74.osm
147920000,summit_demo/oskar/models/EOR+Foreground/sky_eor_model_f147.92.osm
148100000,summit_demo/oskar/models/EOR+Foreground/sky_eor_model_f148.10.osm
148290000,summit_demo/oskar/models/EOR+Foreground/sky_eor_model_f148.29.osm
148470000,summit_demo/oskar/models/EOR+Foreground/sky_eor_model_f148.47.osm
148660000,summit_demo/oskar/models/EOR+Foreground/sky_eor_model_f148.66.osm
148840000,summit_demo/oskar/models/EOR+Foreground/sky_eor_model_f148.84.osm
149030000,summit_demo/oskar/models/EOR+Foreground/sky_eor_model_f149.03.osm
149210000,summit_demo/oskar/models/EOR+Foreground/sky_eor_model_f149.21.osm
149400000,summit_demo/oskar/models/EOR+Foreground/sky_eor_model_f149.40.osm
149580000,summit_demo/oskar/models/EOR+Foreground/sky_eor_model_f149.58.osm
149770000,summit_demo/oskar/models/EOR+Foreground/sky_eor_model_f149.77.osm
149960000,summit_demo/oskar/models/EOR+Foreground/sky_eor_model_f149.96.osm
150150000,summit_demo/oskar/models/EOR+Foreground/sky_eor_model_f150.15.osm
150330000,summit_demo/oskar/models/EOR+Foreground/sky_eor_model_f150.33.osm
150510000,summit_demo/oskar/models/EOR+Foreground/sky_eor_model_f150.51.osm
150690000,summit_demo/oskar/models/EOR+Foreground/sky_eor_model_f150.69.osm
150870000,summit_demo/oskar/models/EOR+Foreground/sky_eor_model_f150.87.osm
151050000,summit_demo/oskar/models/EOR+Foreground/sky_eor_model_f151.05.osm
151230000,summit_demo/oskar/models/EOR+Foreground/sky_eor_model_f151.23.osm
151410000,summit_demo/oskar/models/EOR+Foreground/sky_eor_model_f151.41.osm
151590000,summit_demo/oskar/models/EOR+Foreground/sky_eor_model_f151.59.osm
151770000,summit_demo/oskar/models/EOR+Foreground/sky_eor_model_f151.77.osm
151960000,summit_demo/oskar/models/EOR+Foreground/sky_eor_model_f151.96.osm
152140000,summit_demo/oskar/models/EOR+Foreground/sky_eor_model_f152.14.osm
152320000,summit_demo/oskar/models/EOR+Foreground/sky_eor_model_f152.32.osm
152510000,summit_demo/oskar/models/EOR+Foreground/sky_eor_model_f152.51.osm
152690000,summit_demo/oskar/models/EOR+Foreground/sky_eor_model_f152.69.osm
152880000,summit_demo/oskar/models/EOR+Foreground/sky_eor_model_f152.88.osm
153060000,summit_demo/oskar/models/EOR+Foreground/sky_eor_model_f153.06.osm
153260000,summit_demo/oskar/models/EOR+Foreground/sky_eor_model_f153.26.osm
153450000,summit_demo/oskar/models/EOR+Foreground/sky_eor_model_f153.45.osm
153650000,summit_demo/oskar/models/EOR+Foreground/sky_eor_model_f153.65.osm
153850000,summit_demo/oskar/models/EOR+Foreground/sky_eor_model_f153.85.osm
154050000,summit_demo/oskar/models/EOR+Foreground/sky_eor_model_f154.05.osm
154240000,summit_demo/oskar/models/EOR+Foreground/sky_eor_model_f154.24.osm
154440000,summit_demo/oskar/models/EOR+Foreground/sky_eor_model_f154.44.osm
154640000,summit_demo/oskar/models/EOR+Foreground/sky_eor_model_f154.64.osm
154840000,summit_demo/oskar/models/EOR+Foreground/sky_eor_model_f154.84.osm
155040000,summit_demo/oskar/models/EOR+Foreground/sky_eor_model_f155.04.osm
155250000,summit_demo/oskar/models/EOR+Foreground/sky_eor_model_f155.25.osm
155450000,summit_demo/oskar/models/EOR+Foreground/sky_eor_model_f155.45.osm
155650000,summit_demo/oskar/models/EOR+Foreground/sky_eor_model_f155.65.osm
155850000,summit_demo/oskar/models/EOR+Foreground/sky_eor_model_f155.85.osm
156060000,summit_demo/oskar/models/EOR+Foreground/sky_eor_model_f156.06.osm
156260000,summit_demo/oskar/models/EOR+Foreground/sky_eor_model_f156.26.osm
156440000,summit_demo/oskar/models/EOR+Foreground/sky_eor_model_f156.44.osm
156630000,summit_demo/oskar/models/EOR+Foreground/sky_eor_model_f156.63.osm
156810000,summit_demo/oskar/models/EOR+Foreground/sky_eor_model_f156.81.osm
156990000,summit_demo/oskar/models/EOR+Foreground/sky_eor_model_f156.99.osm
157180000,summit_demo/oskar/models/EOR+Foreground/sky_eor_model_f157.18.osm
157360000,summit_demo/oskar/models/EOR+Foreground/sky_eor_model_f157.36.osm
157550000,summit_demo/oskar/models/EOR+Foreground/sky_eor_model_f157.55.osm
157730000,summit_demo/oskar/models/EOR+Foreground/sky_eor_model_f157.73.osm
157920000,summit_demo/oskar/models/EOR+Foreground/sky_eor_model_f157.92.osm
158110000,summit_demo/oskar/models/EOR+Foreground/sky_eor_model_f158.11.osm
158290000,summit_demo/oskar/models/EOR+Foreground/sky_eor_model_f158.29.osm
158480000,summit_demo/oskar/models/EOR+Foreground/sky_eor_model_f158.48.osm
158670000,summit_demo/oskar/models/EOR+Foreground/sky_eor_model_f158.67.osm
158860000,summit_demo/oskar/models/EOR+Foreground/sky_eor_model_f158.86.osm
159050000,summit_demo/oskar/models/EOR+Foreground/sky_eor_model_f159.05.osm
159240000,summit_demo/oskar/models/EOR+Foreground/sky_eor_model_f159.24.osm
159440000,summit_demo/oskar/models/EOR+Foreground/sky_eor_model_f159.44.osm
159640000,summit_demo/oskar/models/EOR+Foreground/sky_eor_model_f159.64.osm
159840000,summit_demo/oskar/models/EOR+Foreground/sky_eor_model_f159.84.osm
160050000,summit_demo/oskar/models/EOR+Foreground/sky_eor_model_f160.05.osm
160250000,summit_demo/oskar/models/EOR+Foreground/sky_eor_model_f160.25.osm
160450000,summit_demo/oskar/models/EOR+Foreground/sky_eor_model_f160.45.osm
160660000,summit_demo/oskar/models/EOR+Foreground/sky_eor_model_f160.66.osm
160860000,summit_demo/oskar/models/EOR+Foreground/sky_eor_model_f160.86.osm
161070000,summit_demo/oskar/models/EOR+Foreground/sky_eor_model_f161.07.osm
161270000,summit_demo/oskar/models/EOR+Foreground/sky_eor_model_f161.27.osm
161480000,summit_demo/oskar/models/EOR+Foreground/sky_eor_model_f161.48.osm
161680000,summit_demo/oskar/models/EOR+Foreground/sky_eor_model_f161.68.osm
161890000,summit_demo/oskar/models/EOR+Foreground/sky_eor_model_f161.89.osm
162100000,summit_demo/oskar/models/EOR+Foreground/sky_eor_model_f162.10.osm
162310000,summit_demo/oskar/models/EOR+Foreground/sky_eor_model_f162.31.osm
162520000,summit_demo/oskar/models/EOR+Foreground/sky_eor_model_f162.52.osm
162710000,summit_demo/oskar/models/EOR+Foreground/sky_eor_model_f162.71.osm
162910000,summit_demo/oskar/models/EOR+Foreground/sky_eor_model_f162.91.osm
163110000,summit_demo/oskar/models/EOR+Foreground/sky_eor_model_f163.11.osm
163310000,summit_demo/oskar/models/EOR+Foreground/sky_eor_model_f163.31.osm
163510000,summit_demo/oskar/models/EOR+Foreground/sky_eor_model_f163.51.osm
163710000,summit_demo/oskar/models/EOR+Foreground/sky_eor_model_f163.71.osm
163910000,summit_demo/oskar/models/EOR+Foreground/sky_eor_model_f163.91.osm
164110000,summit_demo/oskar/models/EOR+Foreground/sky_eor_model_f164.11.osm
164310000,summit_demo/oskar/models/EOR+Foreground/sky_eor_model_f164.31.osm
164520000,summit_demo/oskar/models/EOR+Foreground/sky_eor_model_f164.52.osm
164720000,summit_demo/oskar/models/EOR+Foreground/sky_eor_model_f164.72.osm
164920000,summit_demo/oskar/models/EOR+Foreground/sky_eor_model_f164.92.osm
165130000,summit_demo/oskar/models/EOR+Foreground/sky_eor_model_f165.13.osm
165330000,summit_demo/oskar/models/EOR+Foreground/sky_eor_model_f165.33.osm
165540000,summit_demo/oskar/models/EOR+Foreground/sky_eor_model_f165.54.osm
165740000,summit_demo/oskar/models/EOR+Foreground/sky_eor_model_f165.74.osm
165950000,summit_demo/oskar/models/EOR+Foreground/sky_eor_model_f165.95.osm
166150000,summit_demo/oskar/models/EOR+Foreground/sky_eor_model_f166.15.osm
166360000,summit_demo/oskar/models/EOR+Foreground/sky_eor_model_f166.36.osm
166570000,summit_demo/oskar/models/EOR+Foreground/sky_eor_model_f166.57.osm
166770000,summit_demo/oskar/models/EOR+Foreground/sky_eor_model_f166.77.osm
166980000,summit_demo/oskar/models/EOR+Foreground/sky_eor_model_f166.98.osm
167190000,summit_demo/oskar/models/EOR+Foreground/sky_eor_model_f167.19.osm
167400000,summit_demo/oskar/models/EOR+Foreground/sky_eor_model_f167.40.osm
167610000,summit_demo/oskar/models/EOR+Foreground/sky_eor_model_f167.61.osm
167820000,summit_demo/oskar/models/EOR+Foreground/sky_eor_model_f167.82.osm
168030000,summit_demo/oskar/models/EOR+Foreground/sky_eor_model_f168.03.osm
168240000,summit_demo/oskar/models/EOR+Foreground/sky_eor_model_f168.24.osm
168460000,summit_demo/oskar/models/EOR+Foreground/sky_eor_model_f168.46.osm
168670000,summit_demo/oskar/models/EOR+Foreground/sky_eor_model_f168.67.osm
168880000,summit_demo/oskar/models/EOR+Foreground/sky_eor_model_f168.88.osm
169100000,summit_demo/oskar/models/EOR+Foreground/sky_eor_model_f169.10.osm
169300000,summit_demo/oskar/models/EOR+Foreground/sky_eor_model_f169.30.osm
169500000,summit_demo/oskar/models/EOR+Foreground/sky_eor_model_f169.50.osm
169700000,summit_demo/oskar/models/EOR+Foreground/sky_eor_model_f169.70.osm
169900000,summit_demo/oskar/models/EOR+Foreground/sky_eor_model_f169.90.osm
170110000,summit_demo/oskar/models/EOR+Foreground/sky_eor_model_f170.11.osm
170310000,summit_demo/oskar/models/EOR+Foreground/sky_eor_model_f170.31.osm
170520000,summit_demo/oskar/models/EOR+Foreground/sky_eor_model_f170.52.osm
170720000,summit_demo/oskar/models/EOR+Foreground/sky_eor_model_f170.72.osm
170930000,summit_demo/oskar/models/EOR+Foreground/sky_eor_model_f170.93.osm
171130000,summit_demo/oskar/models/EOR+Foreground/sky_eor_model_f171.13.osm
171340000,summit_demo/oskar/models/EOR+Foreground/sky_eor_model_f171.34.osm
171550000,summit_demo/oskar/models/EOR+Foreground/sky_eor_model_f171.55.osm
171750000,summit_demo/oskar/models/EOR+Foreground/sky_eor_model_f171.75.osm
171960000,summit_demo/oskar/models/EOR+Foreground/sky_eor_model_f171.96.osm
172170000,summit_demo/oskar/models/EOR+Foreground/sky_eor_model_f172.17.osm
172380000,summit_demo/oskar/models/EOR+Foreground/sky_eor_model_f172.38.osm
172590000,summit_demo/oskar/models/EOR+Foreground/sky_eor_model_f172.59.osm
172800000,summit_demo/oskar/models/EOR+Foreground/sky_eor_model_f172.80.osm
173010000,summit_demo/oskar/models/EOR+Foreground/sky_eor_model_f173.01.osm
173220000,summit_demo/oskar/models/EOR+Foreground/sky_eor_model_f173.22.osm
173430000,summit_demo/oskar/models/EOR+Foreground/sky_eor_model_f173.43.osm
173640000,summit_demo/oskar/models/EOR+Foreground/sky_eor_model_f173.64.osm
173860000,summit_demo/oskar/models/EOR+Foreground/sky_eor_model_f173.86.osm
174070000,summit_demo/oskar/models/EOR+Foreground/sky_eor_model_f174.07.osm
174280000,summit_demo/oskar/models/EOR+Foreground/sky_eor_model_f174.28.osm
174500000,summit_demo/oskar/models/EOR+Foreground/sky_eor_model_f174.50.osm
174710000,summit_demo/oskar/models/EOR+Foreground/sky_eor_model_f174.71.osm
174930000,summit_demo/oskar/models/EOR+Foreground/sky_eor_model_f174.93.osm
175140000,summit_demo/oskar/models/EOR+Foreground/sky_eor_model_f175.14.osm
175360000,summit_demo/oskar/models/EOR+Foreground/sky_eor_model_f175.36.osm
175570000,summit_demo/oskar/models/EOR+Foreground/sky_eor_model_f175.57.osm
175790000,summit_demo/oskar/models/EOR+Foreground/sky_eor_model_f175.79.osm
176010000,summit_demo/oskar/models/EOR+Foreground/sky_eor_model_f176.01.osm
176230000,summit_demo/oskar/models/EOR+Foreground/sky_eor_model_f176.23.osm
176450000,summit_demo/oskar/models/EOR+Foreground/sky_eor_model_f176.45.osm
176670000,summit_demo/oskar/models/EOR+Foreground/sky_eor_model_f176.67.osm
176890000,summit_demo/oskar/models/EOR+Foreground/sky_eor_model_f176.89.osm
177110000,summit_demo/oskar/models/EOR+Foreground/sky_eor_model_f177.11.osm
177330000,summit_demo/oskar/models/EOR+Foreground/sky_eor_model_f177.33.osm
177550000,summit_demo/oskar/models/EOR+Foreground/sky_eor_model_f177.55.osm
177770000,summit_demo/oskar/models/EOR+Foreground/sky_eor_model_f177.77.osm
177990000,summit_demo/oskar/models/EOR+Foreground/sky_eor_model_f177.99.osm
178220000,summit_demo/oskar/models/EOR+Foreground/sky_eor_model_f178.22.osm
178440000,summit_demo/oskar/models/EOR+Foreground/sky_eor_model_f178.44.osm
178670000,summit_demo/oskar/models/EOR+Foreground/sky_eor_model_f178.67.osm
178890000,summit_demo/oskar/models/EOR+Foreground/sky_eor_model_f178.89.osm
179120000,summit_demo/oskar/models/EOR+Foreground/sky_eor_model_f179.12.osm
179340000,summit_demo/oskar/models/EOR+Foreground/sky_eor_model_f179.34.osm
179570000,summit_demo/oskar/models/EOR+Foreground/sky_eor_model_f179.57.osm
179800000,summit_demo/oskar/models/EOR+Foreground/sky_eor_model_f179.80.osm
180030000,summit_demo/oskar/models/EOR+Foreground/sky_eor_model_f180.03.osm
180250000,summit_demo/oskar/models/EOR+Foreground/sky_eor_model_f180.25.osm
180480000,summit_demo/oskar/models/EOR+Foreground/sky_eor_model_f180.48.osm
180710000,summit_demo/oskar/models/EOR+Foreground/sky_eor_model_f180.71.osm
180940000,summit_demo/oskar/models/EOR+Foreground/sky_eor_model_f180.94.osm
181170000,summit_demo/oskar/models/EOR+Foreground/sky_eor_model_f181.17.osm
181400000,summit_demo/oskar/models/EOR+Foreground/sky_eor_model_f181.40.osm
181640000,summit_demo/oskar/models/EOR+Foreground/sky_eor_model_f181.64.osm
181870000,summit_demo/oskar/models/EOR+Foreground/sky_eor_model_f181.87.osm
182100000,summit_demo/oskar/models/EOR+Foreground/sky_eor_model_f182.10.osm
182340000,summit_demo/oskar/models/EOR+Foreground/sky_eor_model_f182.34.osm
182570000,summit_demo/oskar/models/EOR+Foreground/sky_eor_model_f182.57.osm
182810000,summit_demo/oskar/models/EOR+Foreground/sky_eor_model_f182.81.osm
183040000,summit_demo/oskar/models/EOR+Foreground/sky_eor_model_f183.04.osm
183260000,summit_demo/oskar/models/EOR+Foreground/sky_eor_model_f183.26.osm
183480000,summit_demo/oskar/models/EOR+Foreground/sky_eor_model_f183.48.osm
183710000,summit_demo/oskar/models/EOR+Foreground/sky_eor_model_f183.71.osm
183930000,summit_demo/oskar/models/EOR+Foreground/sky_eor_model_f183.93.osm
184150000,summit_demo/oskar/models/EOR+Foreground/sky_eor_model_f184.15.osm
184380000,summit_demo/oskar/models/EOR+Foreground/sky_eor_model_f184.38.osm
184600000,summit_demo/oskar/models/EOR+Foreground/sky_eor_model_f184.60.osm
184830000,summit_demo/oskar/models/EOR+Foreground/sky_eor_model_f184.83.osm
185050000,summit_demo/oskar/models/EOR+Foreground/sky_eor_model_f185.05.osm
185280000,summit_demo/oskar/models/EOR+Foreground/sky_eor_model_f185.28.osm
185510000,summit_demo/oskar/models/EOR+Foreground/sky_eor_model_f185.51.osm
185730000,summit_demo/oskar/models/EOR+Foreground/sky_eor_model_f185.73.osm
185960000,summit_demo/oskar/models/EOR+Foreground/sky_eor_model_f185.96.osm
186190000,summit_demo/oskar/models/EOR+Foreground/sky_eor_model_f186.19.osm
186420000,summit_demo/oskar/models/EOR+Foreground/sky_eor_model_f186.42.osm
186650000,summit_demo/oskar/models/EOR+Foreground/sky_eor_model_f186.65.osm
186880000,summit_demo/oskar/models/EOR+Foreground/sky_eor_model_f186.88.osm
187110000,summit_demo/oskar/models/EOR+Foreground/sky_eor_model_f187.11.osm
187340000,summit_demo/oskar/models/EOR+Foreground/sky_eor_model_f187.34.osm
187570000,summit_demo/oskar/models/EOR+Foreground/sky_eor_model_f187.57.osm
187810000,summit_demo/oskar/models/EOR+Foreground/sky_eor_model_f187.81.osm
188040000,summit_demo/oskar/models/EOR+Foreground/sky_eor_model_f188.04.osm
188270000,summit_demo/oskar/models/EOR+Foreground/sky_eor_model_f188.27.osm
188510000,summit_demo/oskar/models/EOR+Foreground/sky_eor_model_f188.51.osm
188740000,summit_demo/oskar/models/EOR+Foreground/sky_eor_model_f188.74.osm
188980000,summit_demo/oskar/models/EOR+Foreground/sky_eor_model_f188.98.osm
189210000,summit_demo/oskar/models/EOR+Foreground/sky_eor_model_f189.21.osm
189450000,summit_demo/oskar/models/EOR+Foreground/sky_eor_model_f189.45.osm
189690000,summit_demo/oskar/models/EOR+Foreground/sky_eor_model_f189.69.osm
189920000,summit_demo/oskar/models/EOR+Foreground/sky_eor_model_f189.92.osm
190160000,summit_demo/oskar/models/EOR+Foreground/sky_eor_model_f190.16.osm
190400000,summit_demo/oskar/models/EOR+Foreground/sky_eor_model_f190.40.osm
190640000,summit_demo/oskar/models/EOR+Foreground/sky_eor_model_f190.64.osm
190880000,summit_demo/oskar/models/EOR+Foreground/sky_eor_model_f190.88.osm
191120000,summit_demo/oskar/models/EOR+Foreground/sky_eor_model_f191.12.osm
191360000,summit_demo/oskar/models/EOR+Foreground/sky_eor_model_f191.36.osm
191610000,summit_demo/oskar/models/EOR+Foreground/sky_eor_model_f191.61.osm
191850000,summit_demo/oskar/models/EOR+Foreground/sky_eor_model_f191.85.osm
192090000,summit_demo/oskar/models/EOR+Foreground/sky_eor_model_f192.09.osm
192340000,summit_demo/oskar/models/EOR+Foreground/sky_eor_model_f192.34.osm
192580000,summit_demo/oskar/models/EOR+Foreground/sky_eor_model_f192.58.osm
192830000,summit_demo/oskar/models/EOR+Foreground/sky_eor_model_f192.83.osm
193070000,summit_demo/oskar/models/EOR+Foreground/sky_eor_model_f193.07.osm
193320000,summit_demo/oskar/models/EOR+Foreground/sky_eor_model_f193.32.osm
193560000,summit_demo/oskar/models/EOR+Foreground/sky_eor_model_f193.56.osm
193810000,summit_demo/oskar/models/EOR+Foreground/sky_eor_model_f193.81.osm
194060000,summit_demo/oskar/models/EOR+Foreground/sky_eor_model_f194.06.osm
194310000,summit_demo/oskar/models/EOR+Foreground/sky_eor_model_f194.31.osm
194540000,summit_demo/oskar/models/EOR+Foreground/sky_eor_model_f194.54.osm
194780000,summit_demo/oskar/models/EOR+Foreground/sky_eor_model_f194.78.osm
195010000,summit_demo/oskar/models/EOR+Foreground/sky_eor_model_f195.01.osm
195240000,summit_demo/oskar/models/EOR+Foreground/sky_eor_model_f195.24.osm
195480000,summit_demo/oskar/models/EOR+Foreground/sky_eor_model_f195.48.osm
195710000,summit_demo/oskar/models/EOR+Foreground/sky_eor_model_f195.71.osm
195950000,summit_demo/oskar/models/EOR+Foreground/sky_eor_model_f195.95.osm
196190000,summit_demo/oskar/models/EOR+Foreground/sky_eor_model_f196.19.osm
196430000,summit_demo/oskar/models/EOR+Foreground/sky_eor_model_f196.43.osm
196660000,summit_demo/oskar/models/EOR+Foreground/sky_eor_model_f196.66.osm
196900000,summit_demo/oskar/models/EOR+Foreground/sky_eor_model_f196.90.osm
197140000,summit_demo/oskar/models/EOR+Foreground/sky_eor_model_f197.14.osm
197380000,summit_demo/oskar/models/EOR+Foreground/sky_eor_model_f197.38.osm
197620000,summit_demo/oskar/models/EOR+Foreground/sky_eor_model_f197.62.osm
197860000,summit_demo/oskar/models/EOR+Foreground/sky_eor_model_f197.86.osm
198100000,summit_demo/oskar/models/EOR+Foreground/sky_eor_model_f198.10.osm
198350000,summit_demo/oskar/models/EOR+Foreground/sky_eor_model_f198.35.osm
198590000,summit_demo/oskar/models/EOR+Foreground/sky_eor_model_f198.59.osm
198830000,summit_demo/oskar/models/EOR+Foreground/sky_eor_model_f198.83.osm
199070000,summit_demo/oskar/models/EOR+Foreground/sky_eor_model_f199.07.osm
199320000,summit_demo/oskar/models/EOR+Foreground/sky_eor_model_f199.32.osm
199560000,summit_demo/oskar/models/EOR+Foreground/sky_eor_model_f199.56.osm
199810000,summit_demo/oskar/models/EOR+Foreground/sky_eor_model_f199.81.osm
200060000,summit_demo/oskar/models/EOR+Foreground/sky_eor_model_f200.06.osm
200300000,summit_demo/oskar/models/EOR+Foreground/sky_eor_model_f200.30.osm
200550000,summit_demo/oskar/models/EOR+Foreground/sky_eor_model_f200.55.osm
200800000,summit_demo/oskar/models/EOR+Foreground/sky_eor_model_f200.80.osm
201050000,summit_demo/oskar/models/EOR+Foreground/sky_eor_model_f201.05.osm
201300000,summit_demo/oskar/models/EOR+Foreground/sky_eor_model_f201.30.osm
201550000,summit_demo/oskar/models/EOR+Foreground/sky_eor_model_f201.55.osm
201800000,summit_demo/oskar/models/EOR+Foreground/sky_eor_model_f201.80.osm
202050000,summit_demo/oskar/models/EOR+Foreground/sky_eor_model_f202.05.osm
202300000,summit_demo/oskar/models/EOR+Foreground/sky_eor_model_f202.30.osm
202550000,summit_demo/oskar/models/EOR+Foreground/sky_eor_model_f202.55.osm
202810000,summit_demo/oskar/models/EOR+Foreground/sky_eor_model_f202.81.osm
203060000,summit_demo/oskar/models/EOR+Foreground/sky_eor_model_f203.06.osm
203310000,summit_demo/oskar/models/EOR+Foreground/sky_eor_model_f203.31.osm
203570000,summit_demo/oskar/models/EOR+Foreground/sky_eor_model_f203.57.osm
203820000,summit_demo/oskar/models/EOR+Foreground/sky_eor_model_f203.82.osm
204080000,summit_demo/oskar/models/EOR+Foreground/sky_eor_model_f204.08.osm
204340000,summit_demo/oskar/models/EOR+Foreground/sky_eor_model_f204.34.osm
204590000,summit_demo/oskar/models/EOR+Foreground/sky_eor_model_f204.59.osm
204850000,summit_demo/oskar/models/EOR+Foreground/sky_eor_model_f204.85.osm
205110000,summit_demo/oskar/models/EOR+Foreground/sky_eor_model_f205.11.osm
205370000,summit_demo/oskar/models/EOR+Foreground/sky_eor_model_f205.37.osm
205630000,summit_demo/oskar/models/EOR+Foreground/sky_eor_model_f205.63.osm
205890000,summit_demo/oskar/models/EOR+Foreground/sky_eor_model_f205.89.osm
206150000,summit_demo/oskar/models/EOR+Foreground/sky_eor_model_f206.15.osm
206400000,summit_demo/oskar/models/EOR+Foreground/sky_eor_model_f206.40.osm
206640000,summit_demo/oskar/models/EOR+Foreground/sky_eor_model_f206.64.osm
206890000,summit_demo/oskar/models/EOR+Foreground/sky_eor_model_f206.89.osm
207130000,summit_demo/oskar/models/EOR+Foreground/sky_eor_model_f207.13.osm
207380000,summit_demo/oskar/models/EOR+Foreground/sky_eor_model_f207.38.osm
207620000,summit_demo/oskar/models/EOR+Foreground/sky_eor_model_f207.62.osm
207870000,summit_demo/oskar/models/EOR+Foreground/sky_eor_model_f207.87.osm
208120000,summit_demo/oskar/models/EOR+Foreground/sky_eor_model_f208.12.osm
208370000,summit_demo/oskar/models/EOR+Foreground/sky_eor_model_f208.37.osm
208610000,summit_demo/oskar/models/EOR+Foreground/sky_eor_model_f208.61.osm
208860000,summit_demo/oskar/models/EOR+Foreground/sky_eor_model_f208.86.osm
209110000,summit_demo/oskar/models/EOR+Foreground/sky_eor_model_f209.11.osm
209360000,summit_demo/oskar/models/EOR+Foreground/sky_eor_model_f209.36.osm
209610000,summit_demo/oskar/models/EOR+Foreground/sky_eor_model_f209.61.osm
209870000,summit_demo/oskar/models/EOR+Foreground/sky_eor_model_f209.87.osm
210120000,summit_demo/oskar/models/EOR+Foreground/sky_eor_model_f210.12.osm
210370000,summit_demo/oskar/models/EOR+Foreground/sky_eor_model_f210.37.osm
210620000,summit_demo/oskar/models/EOR+Foreground/sky_eor_model_f210.62.osm
210880000,summit_demo/oskar/models/EOR+Foreground/sky_eor_model_f210.88.osm
211130000,summit_demo/oskar/models/EOR+Foreground/sky_eor_model_f211.13.osm
211390000,summit_demo/oskar/models/EOR+Foreground/sky_eor_model_f211.39.osm
211640000,summit_demo/oskar/models/EOR+Foreground/sky_eor_model_f211.64.osm
211900000,summit_demo/oskar/models/EOR+Foreground/sky_eor_model_f211.90.osm
212160000,summit_demo/oskar/models/EOR+Foreground/sky_eor_model_f212.16.osm
212420000,summit_demo/oskar/models/EOR+Foreground/sky_eor_model_f212.42.osm
212670000,summit_demo/oskar/models/EOR+Foreground/sky_eor_model_f212.67.osm
212930000,summit_demo/oskar/models/EOR+Foreground/sky_eor_model_f212.93.osm
213190000,summit_demo/oskar/models/EOR+Foreground/sky_eor_model_f213.19.osm
213450000,summit_demo/oskar/models/EOR+Foreground/sky_eor_model_f213.45.osm
213710000,summit_demo/oskar/models/EOR+Foreground/sky_eor_model_f213.71.osm
213980000,summit_demo/oskar/models/EOR+Foreground/sky_eor_model_f213.98.osm
214240000,summit_demo/oskar/models/EOR+Foreground/sky_eor_model_f214.24.osm
214500000,summit_demo/oskar/models/EOR+Foreground/sky_eor_model_f214.50.osm
214760000,summit_demo/oskar/models/EOR+Foreground/sky_eor_model_f214.76.osm
215030000,summit_demo/oskar/models/EOR+Foreground/sky_eor_model_f215.03.osm
215290000,summit_demo/oskar/models/EOR+Foreground/sky_eor_model_f215.29.osm
215560000,summit_demo/oskar/models/EOR+Foreground/sky_eor_model_f215.56.osm
215830000,summit_demo/oskar/models/EOR+Foreground/sky_eor_model_f215.83.osm
216090000,summit_demo/oskar/models/EOR+Foreground/sky_eor_model_f216.09.osm
216360000,summit_demo/oskar/models/EOR+Foreground/sky_eor_model_f216.36.osm
216630000,summit_demo/oskar/models/EOR+Foreground/sky_eor_model_f216.63.osm
216900000,summit_demo/oskar/models/EOR+Foreground/sky_eor_model_f216.90.osm
217170000,summit_demo/oskar/models/EOR+Foreground/sky_eor_model_f217.17.osm
217440000,summit_demo/oskar/models/EOR+Foreground/sky_eor_model_f217.44.osm
217710000,summit_demo/oskar/models/EOR+Foreground/sky_eor_model_f217.71.osm
217980000,summit_demo/oskar/models/EOR+Foreground/sky_eor_model_f217.98.osm
218250000,summit_demo/oskar/models/EOR+Foreground/sky_eor_model_f218.25.osm
218520000,summit_demo/oskar/models/EOR+Foreground/sky_eor_model_f218.52.osm
218800000,summit_demo/oskar/models/EOR+Foreground/sky_eor_model_f218.80.osm
219070000,summit_demo/oskar/models/EOR+Foreground/sky_eor_model_f219.07.osm
219350000,summit_demo/oskar/models/EOR+Foreground/sky_eor_model_f219.35.osm
219620000,summit_demo/oskar/models/EOR+Foreground/sky_eor_model_f219.62.osm
219900000,summit_demo/oskar/models/EOR+Foreground/sky_eor_model_f219.90.osm
220170000,summit_demo/oskar/models/EOR+Foreground/sky_eor_model_f220.17.osm
220450000,summit_demo/oskar/models/EOR+Foreground/sky_eor_model_f220.45.osm
220730000,summit_demo/oskar/models/EOR+Foreground/sky_eor_model_f220.73.osm
221010000,summit_demo/oskar/models/EOR+Foreground/sky_eor_model_f221.01.osm
221290000,summit_demo/oskar/models/EOR+Foreground/sky_eor_model_f221.29.osm
221570000,summit_demo/oskar/models/EOR+Foreground/sky_eor_model_f221.57.osm
221850000,summit_demo/oskar/models/EOR+Foreground/sky_eor_model_f221.85.osm
222130000,summit_demo/oskar/models/EOR+Foreground/sky_eor_model_f222.13.osm
222420000,summit_demo/oskar/models/EOR+Foreground/sky_eor_model_f222.42.osm
222700000,summit_demo/oskar/models/EOR+Foreground/sky_eor_model_f222.70.osm
222980000,summit_demo/oskar/models/EOR+Foreground/sky_eor_model_f222.98.osm
